model,family,MASE_h4,MASE_h13,RMSSE_h4,RMSSE_h13,sMAPE_h4,sMAPE_h13,CRPS_h4,CRPS_h13,pinball_h4,pinball_h13,coverage_80_h4,coverage_80_h13
autoarima,local,0.6171772275608605,0.770020665780383,0.5519317512148243,0.728498131145517,11.086799696651394,12.987155291865918,2607.7254194165826,3431.4688399387583,1303.8627097082913,1715.7344199693791,0.75,0.8461538461538461
autoets,local,0.6753005936659155,0.8721678105533601,0.6010546529595961,0.8194257970715008,11.93592825640505,14.172722991865012,2920.8106260814657,3999.9118836341545,1460.4053130407328,1999.9559418170772,1.0,0.9230769230769231
autotheta,local,0.6507788697189738,0.7993766600063662,0.5804442782781886,0.7517367709047884,11.626525358892156,13.375198781376522,2890.5231239031236,3743.1425512965907,1445.2615619515618,1871.5712756482953,0.75,0.8461538461538461
chronos2,foundation,0.6096695898830325,0.7669715896400257,0.5515863281127193,0.7353802781430514,11.357673183261767,13.181486176581256,2442.73189561632,3117.9978291933767,1221.36594780816,1558.9989145966883,0.75,0.7692307692307693
dlinear,global,0.6887280207448697,0.8353003519133795,0.6129366723106429,0.7838903192244926,12.1920222405477,13.797480793771399,2968.7532204861113,3626.0129947916666,1484.3766102430557,1813.0064973958333,0.75,0.8461538461538461
lightgbm_global,global,0.7350975179068124,0.9330900015187369,0.6479955982114626,0.8555067331102879,12.690054783036949,15.383341284193719,,,,,,
lightgbm_local,local,0.6746952980191547,0.8400248304490755,0.6026196368934718,0.7837181805186568,11.982689311973068,13.750066543868089,,,,,,
naive,baseline,0.6815595811210857,0.9123218840340264,0.6141244484697957,0.8552623261077419,12.30920196253378,15.262800395922781,3153.2839617001373,4607.985244571733,1576.6419808500686,2303.9926222858667,1.0,1.0
nhits,global,0.622619506995738,0.7832838132900013,0.5528171197059986,0.740333497193434,11.305626591798273,12.970319554629723,2502.840777994792,3221.883460202991,1251.420388997396,1610.9417301014955,0.75,0.8461538461538461
patchtst,global,0.8108008858220332,0.9465299103673205,0.7038226256717541,0.8749909820514623,14.335496957665281,16.301691877760113,3030.6636181640624,3894.5289018053886,1515.3318090820312,1947.2644509026943,0.5,0.38461538461538464
prophet,local,0.7748616275189182,0.8446175728993004,0.6626541201353353,0.7706702928315057,13.439826772243824,14.05140637195839,3091.8538725128033,3525.6779023078147,1545.9269362564016,1762.8389511539074,0.75,0.6153846153846154
seasonal_naive,baseline,0.9717432327663225,1.0356858007882832,0.8412701562852059,0.9645242461854832,17.111646769946542,17.702408051978338,4196.901285621747,4518.680364225036,2098.4506428108734,2259.340182112518,1.0,0.8461538461538461
tabpfn_ts,foundation,0.6440818875091943,0.7983445300696158,0.5784800256179233,0.754930902993621,11.627329410013676,13.680182478132044,2570.456085086398,3321.8497411201197,1285.228042543199,1660.9248705600598,0.75,0.8461538461538461
tft,global,0.6589346575436756,0.8176429395179796,0.5944173515894801,0.7657512455046361,12.009030136911914,13.564459457031862,2669.0470507812506,3390.516525941506,1334.5235253906253,1695.258262970753,0.75,0.8461538461538461
timesfm,foundation,0.6155721623602728,0.7479697475800801,0.5572054170725222,0.7174091143261884,11.24210099372795,12.506916207786572,2471.4898334418403,3062.2801333800744,1235.7449167209202,1531.1400666900372,0.75,0.7692307692307693
toto,foundation,0.6518209200812992,0.8452687079665568,0.5907705448436144,0.8092461876965527,12.104073331035377,14.3319266915037,2660.6081987847215,3553.465373347356,1330.3040993923607,1776.732686673678,0.75,0.7692307692307693
ttm,foundation,0.7329200858872001,0.8900971154534483,0.6425793851737573,0.8191644811087114,13.070585554484431,14.547001566357931,3041.452376862617,3812.4685333030943,1520.7261884313084,1906.2342666515472,0.75,0.6923076923076923
