model,fit f0,fit f1,fit f2,fit f3,fit f4,predict f0,predict f1,predict f2,predict f3,predict f4
autoarima,3451.750107415999,3260.671475657,3252.0166606809944,3583.7151746309974,3491.79571305,2.058046961999935,2.2137905259987747,2.164948940000613,2.1490075110050384,2.156470349000301
autoets,40.220916278000004,40.64914516099998,41.8664526499997,42.216168646999904,42.41606476800007,1.314636445999895,1.3274512210000466,1.340334652999445,1.3255830110001625,1.3153303389999564
autotheta,10.947865590998845,11.378667971999676,11.788533134000318,11.80666771599499,11.986073732994555,1.2543748449970735,1.2568924190054531,1.2262151729955804,1.2139732189971255,1.2797046160048922
chronos2,1.6530101210000794,1.3520808309999666,1.3882410950000121,1.3496006569998826,1.3835331099999166,0.8969989080001142,0.8915047770001365,0.8947375480001938,0.89864578300012,0.9134021859999848
dlinear,7.256058117000066,7.3167357630009064,7.338380533001327,7.285486433998813,7.270006243999887,0.25303374599934614,0.24219417300082569,0.24439112999971258,0.2429576159993303,0.253886574999342
lightgbm_global,5.692991237000001,5.775530250000088,5.368630387000053,5.805123441999967,5.740564587999984,0.0718708690000085,0.07951585299997532,0.08820050900010301,0.07564388499997676,0.06634705299995858
lightgbm_local,266.795487071,271.30243325399897,279.39667101300074,283.1879174599999,281.19181103899973,37.73282166399986,37.635982661000526,38.339328571000806,37.7139908879999,38.384308034999776
naive,4.587084212999798,4.579160555999806,4.611244987999271,4.614677654999468,4.590122119000625,0.9583160920001319,0.9811586329997226,0.9400139669996861,1.024974743999337,0.9907468650008013
nhits,16.450285343999894,16.37895457400009,16.391097800000352,16.358242558999336,16.28449264200026,0.46531797199986613,0.48988597900006425,0.46108103599908645,0.45633263300078397,0.46172909199958667
patchtst,53.68070327299938,53.88998168499984,54.091397520999635,53.68039348900038,53.77713618399957,0.6251541029996588,0.6262546790003398,0.6174312539997118,0.624842266000087,0.6290185219995692
prophet,74.99680022599932,75.17856475400004,75.91407217699998,76.29942722400119,76.63563846800025,41.62663939899994,41.15731051200055,42.20840449299885,41.01657645100022,42.399118125000314
seasonal_naive,4.57961289099967,4.596048219000295,4.5982814099997995,4.595358522000424,4.648759720999806,0.9845086810000794,0.9948138789995937,0.971520755999336,0.9852750680001918,0.9688931390001017
tabpfn_ts,3.3032758600002126,3.4278537160007545,3.316665488000581,3.3166593200003263,3.3551349670015043,1595.4943121670003,1605.3972011389997,1624.416664796001,1605.2584131030017,1635.3686699259997
tft,44.64141707999988,44.53629443999944,44.77912167300019,45.04160719900028,44.693454569000096,0.4641152829999555,0.4584558839997044,0.46922632999940106,0.4525932289998309,0.45759440299934795
timesfm,2.4667626430000382,2.453519774999677,2.4279797889998918,2.408191915000316,2.4091929650003294,3.3770742040001096,3.3889829240001745,3.342769992000285,3.309189091999997,3.3918681159998414
toto,3.727140108000185,2.9481569630002014,2.916218167999432,2.8963456310002584,2.9111535499996535,59.63162579499976,60.48840134200009,60.50872865099973,60.59235320100015,60.6147903050005
ttm,2.1251224990046467,2.136542411004484,2.116004060000705,2.0936181860015495,2.1466649639987736,0.292313058002037,0.2948605370038422,0.29217670999787515,0.2922163680050289,0.2918057360002422
