model,MASE,rank_MASE,sMAPE,rank_sMAPE,rank_delta
tabpfn_ts,0.1570894172200103,1,86.25531464901005,4,3
naive,0.16259262699885837,2,39.07174593956643,1,-1
toto,0.16411594920522815,3,100.03003916723424,8,5
chronos2,0.16539172647460157,4,84.09631504565772,3,-1
timesfm,0.19065510943961014,5,83.1826190844883,2,-3
seasonal_naive,0.22375016464160957,6,103.79642063922392,9,3
nhits,0.22981798035924209,7,107.16123854514545,11,4
autoets,0.24364314560546177,8,92.23405281568074,5,-3
tft,0.26488387619787923,9,133.2595521535856,15,6
autotheta,0.279744417974817,10,104.44501445101722,10,0
lightgbm_local,0.3270051513552147,11,96.29812804133806,7,-4
autoarima,0.3340946659150103,12,92.4482238486363,6,-6
dlinear,0.4107033302013535,13,117.238256975985,12,-1
ttm,0.4327340549814344,14,125.39118395194296,13,-1
lightgbm_global,0.5299211616975181,15,126.85118837016694,14,-1
prophet,0.6459350374214743,16,142.06706776807152,16,0
patchtst,0.7991268958530664,17,147.31851876517504,17,0
