model,family,MASE_h4,MASE_h13,RMSSE_h4,RMSSE_h13,sMAPE_h4,sMAPE_h13
autoarima,local,0.6171772275608605,0.770020665780383,0.5519317512148243,0.728498131145517,11.086799696651394,12.987155291865918
autoets,local,0.6753005936659155,0.8721678105533601,0.6010546529595961,0.8194257970715008,11.93592825640505,14.172722991865012
autotheta,local,0.6507788697189738,0.7993766600063662,0.5804442782781886,0.7517367709047884,11.626525358892156,13.375198781376522
chronos2,foundation,0.6096695898830325,0.7669715896400257,0.5515863281127193,0.7353802781430514,11.357673183261767,13.181486176581256
dlinear,global,0.6887280207448697,0.8353003519133795,0.6129366723106429,0.7838903192244926,12.1920222405477,13.797480793771399
lightgbm_global,global,0.7350975179068124,0.9330900015187369,0.6479955982114626,0.8555067331102879,12.690054783036949,15.383341284193719
lightgbm_local,local,0.6746952980191547,0.8400248304490755,0.6026196368934718,0.7837181805186568,11.982689311973068,13.750066543868089
naive,baseline,0.6815595811210857,0.9123218840340264,0.6141244484697957,0.8552623261077419,12.30920196253378,15.262800395922781
nhits,global,0.622619506995738,0.7832838132900013,0.5528171197059986,0.740333497193434,11.305626591798273,12.970319554629723
patchtst,global,0.8108008858220332,0.9465299103673205,0.7038226256717541,0.8749909820514623,14.335496957665281,16.301691877760113
prophet,local,0.7748616275189182,0.8446175728993004,0.6626541201353353,0.7706702928315057,13.439826772243824,14.05140637195839
seasonal_naive,baseline,0.9717432327663225,1.0356858007882832,0.8412701562852059,0.9645242461854832,17.111646769946542,17.702408051978338
tabpfn_ts,foundation,0.6440818875091943,0.7983445300696158,0.5784800256179233,0.754930902993621,11.627329410013676,13.680182478132044
tft,global,0.6589346575436756,0.8176429395179796,0.5944173515894801,0.7657512455046361,12.009030136911914,13.564459457031862
timesfm,foundation,0.6155721623602728,0.7479697475800801,0.5572054170725222,0.7174091143261884,11.24210099372795,12.506916207786572
toto,foundation,0.6518209200812992,0.8452687079665568,0.5907705448436144,0.8092461876965527,12.104073331035377,14.3319266915037
ttm,foundation,0.7329200858872001,0.8900971154534483,0.6425793851737573,0.8191644811087114,13.070585554484431,14.547001566357931
