model,fit_s_h4,predict_s_h4,per1k_s_h4,fit_s_h13,predict_s_h13,per1k_s_h13,rel_h4,rel_h13,family,peak_memory_mb,n_params,tuning_trials
autoarima,3401.6158287009966,2.1490075110050384,3403.7648362120017,3401.6158287009966,2.3879730080006993,3404.0038017089973,1491.4539989183693,1531.4379088114995,local,308.19628143310547,,0
autoets,41.8664526499997,1.3252301049997186,43.19168275499942,41.8664526499997,1.5253657889998067,43.39181843899951,18.925634133011293,19.521680809048206,local,92.10509967803955,,0
autotheta,11.78512819000025,1.2543748449970735,13.039503034997324,11.78512819000025,1.5349019870045595,13.32003017700481,5.713620029960165,5.992590005139534,local,80.78845977783203,,0
chronos2,1.3835331099999166,0.89864578300012,2.2821788930000366,1.3835331099999166,0.8392170140000417,2.2227501239999583,1.0,1.0,foundation,17.011263847351074,,0
dlinear,7.280216818000554,0.24439112999971258,7.524607948000266,7.28960514299979,0.2528182870009914,7.542423430000781,3.2971157392963173,3.393284449098482,global,18.16529655456543,12411.0,20
lightgbm_global,5.740564587999984,0.07365354599994589,5.81421813399993,5.740564587999984,0.21498479800004588,5.95554938600003,2.5476609882921375,2.6793607260193055,global,57.13114356994629,500.0,20
lightgbm_local,280.2636947080009,37.73282166399986,317.99651637200077,280.2636947080009,112.34143053299886,392.60512524099977,139.33899631942467,176.63034679511603,local,49.925283432006836,500000.0,20
naive,4.594636138999704,0.9811586329997226,5.575794771999426,4.594636138999704,0.9817871590003051,5.576423298000009,2.443189177282141,2.508794505414282,baseline,69.45398235321045,,0
nhits,16.37895457400009,0.4615948009995918,16.840549374999682,21.424119442999654,0.4665771500003757,21.89069659300003,7.379153942161804,9.848473904752975,global,18.16520118713379,2600299.0,20
patchtst,53.81353469699934,0.6251541029996588,54.438688799999,54.14816739900016,0.6239249919999565,54.772092391000115,23.85382187477716,24.64158782384175,global,18.165306091308594,790913.0,20
prophet,75.91407217699998,41.62663939899994,117.54071157599992,75.91407217699998,42.49873080100042,118.4128029780004,51.50372389146359,53.27310600478573,local,96.48018074035645,,20
seasonal_naive,4.5982814099997995,0.9845086810000794,5.582790090999879,4.5982814099997995,0.9977367400006187,5.596018150000418,2.446254370384184,2.51761009462012,baseline,70.00389385223389,,0
tabpfn_ts,3.3367974760039942,1608.1163837929998,1611.4531812690038,3.3367974760039942,1607.135731937,1610.472529413004,706.1029204203485,724.540519433139,foundation,186.27793407440186,,0
tft,44.742750861000786,0.46235790199989424,45.20510876300068,53.17718853399947,0.46011085600002843,53.6372993899995,19.80787260002056,24.13105225407717,global,18.16513442993164,871199.0,20
timesfm,2.4279797889998918,3.371813616000054,5.799793404999946,2.4279797889998918,3.4284539079999377,5.856433696999829,2.541340393073144,2.634769258930852,foundation,17.012999534606934,,0
toto,2.91959062099977,60.48840134200009,63.40799196299986,2.91959062099977,61.3071405820001,64.22673120299987,27.783970904948177,28.895164827353792,foundation,17.01434898376465,,0
ttm,2.123943455000699,0.292313058002037,2.416256513002736,2.123943455000699,0.2876121459994465,2.4115556010001455,1.0587498291277455,1.0849422861173534,foundation,17.012868881225586,,0
