model,n_series,family,eval_series,MASE_h4,MASE_h4_lo,MASE_h4_hi,MASE_h13,MASE_h13_lo,MASE_h13_hi,RMSSE_h4,RMSSE_h13,fit_s_h4,run_s_h4,per1k_s_h4,fit_s_h13,run_s_h13,per1k_s_h13
chronos2,500,foundation,500,0.6079055102001462,0.578878092308232,0.6394703257338697,0.751517173985516,0.7209094764257591,0.7899748552816818,0.5504418508116893,0.726919717691389,1.295450076000634,1.7927859000001263,3.5855718000002526,1.295450076000634,1.7211097830013387,3.4422195660026773
chronos2,1000,foundation,1000,0.6096695898830325,0.5891642079341525,0.6283255996326542,0.7669715896400257,0.7440422194269731,0.7876990278400405,0.5515863281127193,0.7353802781430514,1.3961551840002357,2.255005068000173,2.255005068000173,1.3961551840002357,2.2358508719989914,2.2358508719989914
chronos2,2000,foundation,2000,0.6103464140844769,0.5960491389748711,0.6256601275644762,0.7644000398686006,0.7477658950089837,0.7827358853054188,0.5476457252306334,0.7313669745041981,1.5742951389984228,3.291243214000133,1.6456216070000664,1.5742951389984228,3.251401391997206,1.625700695998603
chronos2,4000,foundation,4000,0.5971738869183898,0.5860497268924065,0.608963613744673,0.7621116064133268,0.7482046491587444,0.7770617481622243,0.5371830852240194,0.725634970019688,1.9189483940026548,5.305980386001465,1.3264950965003663,1.9189483940026548,5.440660678999848,1.360165169749962
dlinear,500,global,500,0.6537600848720581,0.6296813050202352,0.6766740267127282,0.7937080098229319,0.7642369557259335,0.8288913112908171,0.577006802056657,0.7544560173731332,7.490709801999401,7.683150941998974,15.366301883997949,7.481326393999552,7.676174445999095,15.35234889199819
dlinear,1000,global,1000,0.6887280207448697,0.6619988920527168,0.7102759781198633,0.8353003519133795,0.8045698393128914,0.8621112458160101,0.6129366723106429,0.7838903192244926,7.616190952001489,7.86503089100006,7.86503089100006,7.614720280000256,7.867081561000305,7.867081561000305
dlinear,2000,global,2000,0.688059665789665,0.6739200506974391,0.7018791182996751,0.82415013605239,0.8074699976463443,0.8432417364507349,0.6072271554245915,0.7775110593248754,7.873554316000082,8.23865794700032,4.11932897350016,7.912150017997192,8.283196346998011,4.1415981734990055
dlinear,4000,global,4000,0.6547013213923599,0.6424884367189069,0.66542995151513,0.808913785352874,0.7967509597730458,0.8237230648240305,0.5793357040144027,0.7595696244924696,8.373542090997944,8.951323615994625,2.237830903998656,8.375816916002805,8.969107222001185,2.242276805500296
nhits,500,global,500,0.6249443437958148,0.5987953161139411,0.6543472763219569,0.7783141228126669,0.7466663965048981,0.816248992591692,0.5604577633305722,0.7316927978189581,16.247428984999715,16.556919061999906,33.11383812399981,21.29193518900047,21.607749980000335,43.21549996000067
nhits,1000,global,1000,0.622619506995738,0.5946886799378803,0.6472066871912606,0.7832838132900013,0.7585731581879054,0.807758899344203,0.5528171197059986,0.740333497193434,16.640682408999055,17.106904223997844,17.106904223997844,21.65370361799978,22.123630751000746,22.123630751000746
nhits,2000,global,2000,0.6220061391680385,0.6041180159841212,0.6369467036148514,0.7713661148803735,0.7555343315122741,0.7868922153949255,0.554521137792762,0.7310216879358444,17.359941237000385,18.134912004001308,9.067456002000654,22.38253895700109,23.164330617000815,11.582165308500407
nhits,4000,global,4000,0.6145789266998838,0.601554871676994,0.6251829159747739,0.770814292422757,0.7590706260528185,0.7831627326675019,0.54798598967676,0.728235775097969,18.73651905499719,20.118929475996993,5.029732368999248,23.77369770400037,25.173260670999298,6.2933151677498245
prophet,500,local,500,0.762878961830688,0.7311466522236557,0.7982031566302317,0.8325140429676305,0.7920368341337104,0.8719419708818776,0.6541197239138972,0.7617774566151743,36.27782825400027,57.2830191360008,114.5660382720016,36.27782825400027,57.673161684000206,115.34632336800043
prophet,1000,local,1000,0.7748616275189182,0.7486056036797323,0.8003966683485846,0.8446175728993004,0.8167150793255816,0.8701022396205127,0.6626541201353353,0.7706702928315057,72.64986229600072,115.46300965899991,115.46300965899992,72.64986229600072,116.345056045001,116.34505604500099
prophet,2000,local,2000,0.7717293697866063,0.7544218132659481,0.7910547961403043,0.8467330584815895,0.8289856857116426,0.8665924924699647,0.6607371994535102,0.7733182196714254,145.48695340599988,232.3231672359998,116.16158361799988,145.48695340599988,233.69527403400025,116.84763701700011
prophet,4000,local,4000,0.767564940321181,0.7562642412359246,0.7817925714432036,0.8466105528825053,0.8364339539575896,0.8598823148919674,0.6557050603119465,0.7722591173581582,291.56386797199957,467.01460442700045,116.75365110675011,291.56386797199957,469.80237193500216,117.45059298375054
