#tsbench {"created_at": "2026-09-26T14:06:41+00:00", "seed": 42, "config_hash": "a38bf96ee6809f78", "sample_key": "6bc43b32b551010c", "n_series": 500, "target": "Dollars", "scope": {"geography_level": ["MARKET"], "channels": ["CONVENTIONAL|MULTI OUTLET"]}, "volume_deciles": 10, "zero_share_bins": [0.0, 0.05, 0.2, 1.01], "min_observed_weeks": 156}
unique_id,n_obs,n_grid,total_volume,n_zero,first_ds,last_ds,n_missing,zero_share,volume_decile,zero_bin,stratum
"SUBCATEGORY_APPLES_FUJI-APPLES@@ATLANTA, GA - MULO",232,232,18389630.76,0,2022-01-09,2026-06-14,0,0.0,7,0,7|0
"SUBCATEGORY_APPLES_FUJI-APPLES@@CINCINNATI/DAYTON, OH - MULO",232,232,10809228.56,0,2022-01-09,2026-06-14,0,0.0,6,0,6|0
"SUBCATEGORY_APPLES_FUJI-APPLES@@HARRISBURG/SCRANTON, PA - MULO",232,232,12884834.66,0,2022-01-09,2026-06-14,0,0.0,6,0,6|0
"SUBCATEGORY_APPLES_FUJI-APPLES@@NASHVILLE, TN - MULO",232,232,8523481.22,0,2022-01-09,2026-06-14,0,0.0,5,0,5|0
"SUBCATEGORY_APPLES_FUJI-APPLES@@NEW ORLEANS, LA/MOBILE, AL - MULO",232,232,8267342.93,0,2022-01-09,2026-06-14,0,0.0,5,0,5|0
"SUBCATEGORY_APPLES_FUJI-APPLES@@TULSA, OK - MULO",232,232,4139340.6,0,2022-01-09,2026-06-14,0,0.0,4,0,4|0
"SUBCATEGORY_APPLES_GALA-APPLES@@PORTLAND, OR - MULO",232,232,11818513.23,0,2022-01-09,2026-06-14,0,0.0,6,0,6|0
"SUBCATEGORY_APPLES_GALA-APPLES@@TOLEDO, OH - MULO",232,232,15211760.31,0,2022-01-09,2026-06-14,0,0.0,6,0,6|0
"SUBCATEGORY_APPLES_GOLDEN-DELICIOUS-APPLES@@NEW ORLEANS, LA/MOBILE, AL - MULO",232,232,510205.51,0,2022-01-09,2026-06-14,0,0.0,1,0,1|0
"SUBCATEGORY_APPLES_GOLDEN-DELICIOUS-APPLES@@RICHMOND/NORFOLK, VA - MULO",232,232,1366516.75,0,2022-01-09,2026-06-14,0,0.0,2,0,2|0
SUBCATEGORY_APPLES_GOLDEN-DELICIOUS-APPLES@@SOUTH CAROLINA - MULO,232,232,2309191.72,0,2022-01-09,2026-06-14,0,0.0,2,0,2|0
"SUBCATEGORY_APPLES_GOLDEN-DELICIOUS-APPLES@@TOLEDO, OH - MULO",232,232,822080.03,0,2022-01-09,2026-06-14,0,0.0,1,0,1|0
"SUBCATEGORY_APPLES_GRANNY-SMITH-APPLES@@MILWAUKEE, WI - MULO",232,232,7956495.35,0,2022-01-09,2026-06-14,0,0.0,5,0,5|0
"SUBCATEGORY_APPLES_GRANNY-SMITH-APPLES@@OKLAHOMA CITY, OK - MULO",232,232,4145435.5,0,2022-01-09,2026-06-14,0,0.0,4,0,4|0
"SUBCATEGORY_APPLES_GRANNY-SMITH-APPLES@@TAMPA/ST. PETERSBURG, FL - MULO",232,232,16243954.58,0,2022-01-09,2026-06-14,0,0.0,7,0,7|0
"SUBCATEGORY_APPLES_HONEYCRISP-APPLES@@JACKSONVILLE, FL - MULO",232,232,15908892.31,0,2022-01-09,2026-06-14,0,0.0,7,0,7|0
"SUBCATEGORY_APPLES_HONEYCRISP-APPLES@@LAS VEGAS, NV - MULO",232,232,12295106.21,0,2022-01-09,2026-06-14,0,0.0,6,0,6|0
SUBCATEGORY_APPLES_HONEYCRISP-APPLES@@NEW ENGLAND - MULO,232,232,18712388.14,0,2022-01-09,2026-06-14,0,0.0,7,0,7|0
"SUBCATEGORY_APPLES_HONEYCRISP-APPLES@@PITTSBURGH, PA - MULO",232,232,23413241.94,0,2022-01-09,2026-06-14,0,0.0,7,0,7|0
"SUBCATEGORY_APPLES_HONEYCRISP-APPLES@@SPOKANE, WA - MULO",232,232,3853586.62,0,2022-01-09,2026-06-14,0,0.0,3,0,3|0
"SUBCATEGORY_APPLES_MCINTOSH-APPLES@@BUFFALO/ROCHESTER, NY - MULO",232,232,6505594.82,0,2022-01-09,2026-06-14,0,0.0,5,0,5|0
"SUBCATEGORY_APPLES_MCINTOSH-APPLES@@CHICAGO, IL - MULO",232,232,1516970.06,0,2022-01-09,2026-06-14,0,0.0,2,0,2|0
"SUBCATEGORY_APPLES_MCINTOSH-APPLES@@DETROIT, MI - MULO",232,232,5430372.56,7,2022-01-09,2026-06-14,0,0.0301724137931034,4,0,4|0
"SUBCATEGORY_APPLES_OTHER-APPLES@@ALBANY, NY - MULO",232,232,6754367.78,0,2022-01-09,2026-06-14,0,0.0,5,0,5|0
"SUBCATEGORY_APPLES_OTHER-APPLES@@BUFFALO/ROCHESTER, NY - MULO",232,232,29724066.44,0,2022-01-09,2026-06-14,0,0.0,8,0,8|0
"SUBCATEGORY_APPLES_OTHER-APPLES@@KANSAS CITY, KS - MULO",232,232,13717099.81,0,2022-01-09,2026-06-14,0,0.0,6,0,6|0
"SUBCATEGORY_APPLES_OTHER-APPLES@@KNOXVILLE, TN - MULO",232,232,9490972.18,0,2022-01-09,2026-06-14,0,0.0,5,0,5|0
"SUBCATEGORY_APPLES_OTHER-APPLES@@PITTSBURGH, PA - MULO",232,232,18096481.08,0,2022-01-09,2026-06-14,0,0.0,7,0,7|0
"SUBCATEGORY_APPLES_OTHER-APPLES@@ROANOKE, VA - MULO",232,232,16310581.06,0,2022-01-09,2026-06-14,0,0.0,7,0,7|0
"SUBCATEGORY_APPLES_PINK-LADY-APPLES@@DALLAS/FT. WORTH, TX - MULO",232,232,17592113.63,0,2022-01-09,2026-06-14,0,0.0,7,0,7|0
"SUBCATEGORY_APPLES_PINK-LADY-APPLES@@DENVER, CO - MULO",232,232,11133303.96,0,2022-01-09,2026-06-14,0,0.0,6,0,6|0
"SUBCATEGORY_APPLES_PINK-LADY-APPLES@@GREEN BAY, WI - MULO",232,232,3177476.95,0,2022-01-09,2026-06-14,0,0.0,3,0,3|0
"SUBCATEGORY_APPLES_RED-DELICIOUS-APPLES@@GREEN BAY, WI - MULO",232,232,1397984.77,0,2022-01-09,2026-06-14,0,0.0,2,0,2|0
"SUBCATEGORY_APPLES_RED-DELICIOUS-APPLES@@MINNEAPOLIS/ST. PAUL, MN - MULO",232,232,2853996.36,0,2022-01-09,2026-06-14,0,0.0,3,0,3|0
"SUBCATEGORY_APPLES_RED-DELICIOUS-APPLES@@NEW ORLEANS, LA/MOBILE, AL - MULO",232,232,6521726.48,0,2022-01-09,2026-06-14,0,0.0,5,0,5|0
"SUBCATEGORY_APPLES_RED-DELICIOUS-APPLES@@TOLEDO, OH - MULO",232,232,3661835.7,0,2022-01-09,2026-06-14,0,0.0,3,0,3|0
"SUBCATEGORY_AVOCADOS_AVOCADOS@@TOLEDO, OH - MULO",232,232,1130011.33,0,2022-01-09,2026-06-14,0,0.0,1,0,1|0
"SUBCATEGORY_AVOCADOS_AVOCADOS@@TULSA, OK - MULO",232,232,514646.56,0,2022-01-09,2026-06-14,0,0.0,1,0,1|0
"SUBCATEGORY_BANANAS_BANANAS@@CLEVELAND, OH - MULO",232,232,7695558.62,0,2022-01-09,2026-06-14,0,0.0,5,0,5|0
"SUBCATEGORY_BANANAS_BANANAS@@LITTLE ROCK, AR - MULO",232,232,3947658.85,0,2022-01-09,2026-06-14,0,0.0,4,0,4|0
"SUBCATEGORY_BANANAS_BANANAS@@MILWAUKEE, WI - MULO",232,232,9124436.49,0,2022-01-09,2026-06-14,0,0.0,5,0,5|0
"SUBCATEGORY_BANANAS_BANANAS@@RICHMOND/NORFOLK, VA - MULO",232,232,12575903.43,0,2022-01-09,2026-06-14,0,0.0,6,0,6|0
"SUBCATEGORY_BANANAS_BANANAS@@TAMPA/ST. PETERSBURG, FL - MULO",232,232,18978207.79,0,2022-01-09,2026-06-14,0,0.0,7,0,7|0
"SUBCATEGORY_BANANAS_BANANAS@@WICHITA, KS - MULO",232,232,4320482.15,0,2022-01-09,2026-06-14,0,0.0,4,0,4|0
SUBCATEGORY_BANANAS_PLANTAINS-&-OTHER-BANANAS@@NEW ENGLAND - MULO,232,232,583294.22,0,2022-01-09,2026-06-14,0,0.0,1,0,1|0
"SUBCATEGORY_BANANAS_PLANTAINS-&-OTHER-BANANAS@@NEW YORK, NY - MULO",232,232,3200660.93,0,2022-01-09,2026-06-14,0,0.0,3,0,3|0
"SUBCATEGORY_BANANAS_PLANTAINS-&-OTHER-BANANAS@@RICHMOND/NORFOLK, VA - MULO",215,215,722696.49,19,2022-05-08,2026-06-14,0,0.0883720930232558,1,1,1|1
SUBCATEGORY_BANANAS_PLANTAINS-&-OTHER-BANANAS@@SOUTH CAROLINA - MULO,223,224,165784.37,10,2022-03-06,2026-06-14,1,0.0448430493273542,0,0,0|0
"SUBCATEGORY_BERRIES_BLACKBERRIES@@BALTIMORE, MD/WASHINGTON D.C. - MULO",232,232,154490036.99,0,2022-01-09,2026-06-14,0,0.0,9,0,9|0
"SUBCATEGORY_BERRIES_BLACKBERRIES@@MILWAUKEE, WI - MULO",232,232,36027910.7,0,2022-01-09,2026-06-14,0,0.0,8,0,8|0
"SUBCATEGORY_BERRIES_BLACKBERRIES@@NASHVILLE, TN - MULO",232,232,36302936.83,0,2022-01-09,2026-06-14,0,0.0,8,0,8|0
"SUBCATEGORY_BERRIES_BLACKBERRIES@@SAN FRANCISCO/OAKLAND, CA - MULO",232,232,92774644.64,0,2022-01-09,2026-06-14,0,0.0,9,0,9|0
"SUBCATEGORY_BERRIES_BLACKBERRIES@@TAMPA/ST. PETERSBURG, FL - MULO",232,232,86082395.72,0,2022-01-09,2026-06-14,0,0.0,9,0,9|0
"SUBCATEGORY_BERRIES_BLACKBERRIES_CONVENTIONAL@@LITTLE ROCK, AR - MULO",180,180,5554781.11,0,2023-01-08,2026-06-14,0,0.0,4,0,4|0
"SUBCATEGORY_BERRIES_BLUEBERRIES@@BOISE, ID - MULO",232,232,28700083.81,0,2022-01-09,2026-06-14,0,0.0,8,0,8|0
"SUBCATEGORY_BERRIES_BLUEBERRIES@@MILWAUKEE, WI - MULO",232,232,124520628.14,0,2022-01-09,2026-06-14,0,0.0,9,0,9|0
"SUBCATEGORY_BERRIES_BLUEBERRIES@@MINNEAPOLIS/ST. PAUL, MN - MULO",232,232,155938168.15,0,2022-01-09,2026-06-14,0,0.0,9,0,9|0
"SUBCATEGORY_BERRIES_BLUEBERRIES@@NEW YORK, NY - MULO",232,232,704910036.8,0,2022-01-09,2026-06-14,0,0.0,9,0,9|0
"SUBCATEGORY_BERRIES_BLUEBERRIES@@PROVIDENCE, RI - MULO",232,232,55944457.85,0,2022-01-09,2026-06-14,0,0.0,8,0,8|0
"SUBCATEGORY_BERRIES_BLUEBERRIES@@RICHMOND/NORFOLK, VA - MULO",232,232,152444454.12,0,2022-01-09,2026-06-14,0,0.0,9,0,9|0
"SUBCATEGORY_BERRIES_BLUEBERRIES@@SAN DIEGO, CA - MULO",232,232,136691830.31,0,2022-01-09,2026-06-14,0,0.0,9,0,9|0
"SUBCATEGORY_BERRIES_BLUEBERRIES@@ST. LOUIS, MO - MULO",232,232,123241047.65,0,2022-01-09,2026-06-14,0,0.0,9,0,9|0
SUBCATEGORY_BERRIES_BLUEBERRIES@@WEST TEXAS/NEW MEXICO - MULO,232,232,116902042.09,0,2022-01-09,2026-06-14,0,0.0,9,0,9|0
"SUBCATEGORY_BERRIES_BLUEBERRIES_CONVENTIONAL@@LITTLE ROCK, AR - MULO",180,180,17304735.8,0,2023-01-08,2026-06-14,0,0.0,7,0,7|0
"SUBCATEGORY_BERRIES_CRANBERRIES@@MINNEAPOLIS/ST. PAUL, MN - MULO",212,232,2960547.49,5,2022-01-09,2026-06-14,20,0.0235849056603773,3,0,3|0
"SUBCATEGORY_BERRIES_CRANBERRIES_CONVENTIONAL@@LITTLE ROCK, AR - MULO",180,180,276067.88,88,2023-01-08,2026-06-14,0,0.4888888888888889,0,2,0|2
"SUBCATEGORY_BERRIES_OTHER-BERRIES@@ATLANTA, GA - MULO",232,232,6344658.0200000005,0,2022-01-09,2026-06-14,0,0.0,5,0,5|0
"SUBCATEGORY_BERRIES_OTHER-BERRIES@@COLUMBUS, OH - MULO",232,232,1198621.48,0,2022-01-09,2026-06-14,0,0.0,1,0,1|0
"SUBCATEGORY_BERRIES_OTHER-BERRIES@@MIAMI/FT. LAUDERDALE, FL - MULO",232,232,3873912.34,0,2022-01-09,2026-06-14,0,0.0,3,0,3|0
"SUBCATEGORY_BERRIES_OTHER-BERRIES@@OMAHA, NE - MULO",213,232,117670.65,0,2022-01-09,2026-06-14,19,0.0,0,0,0|0
"SUBCATEGORY_BERRIES_OTHER-BERRIES@@PEORIA/SPRINGFIELD, IL - MULO",232,232,1028285.8,0,2022-01-09,2026-06-14,0,0.0,1,0,1|0
"SUBCATEGORY_BERRIES_OTHER-BERRIES@@PROVIDENCE, RI - MULO",227,232,82817.19,0,2022-01-09,2026-06-14,5,0.0,0,0,0|0
"SUBCATEGORY_BERRIES_OTHER-BERRIES@@SPOKANE, WA - MULO",232,232,148237.09,4,2022-01-09,2026-06-14,0,0.0172413793103448,0,0,0|0
"SUBCATEGORY_BERRIES_OTHER-BERRIES@@TULSA, OK - MULO",232,232,75734.44,0,2022-01-09,2026-06-14,0,0.0,0,0,0|0
"SUBCATEGORY_BERRIES_OTHER-BERRIES_CONVENTIONAL@@LITTLE ROCK, AR - MULO",180,180,1770104.42,0,2023-01-08,2026-06-14,0,0.0,2,0,2|0
"SUBCATEGORY_BERRIES_RASPBERRIES@@ALBANY, NY - MULO",232,232,39576594.76,0,2022-01-09,2026-06-14,0,0.0,8,0,8|0
"SUBCATEGORY_BERRIES_RASPBERRIES@@ATLANTA, GA - MULO",232,232,90013044.94,0,2022-01-09,2026-06-14,0,0.0,9,0,9|0
"SUBCATEGORY_BERRIES_RASPBERRIES@@BIRMINGHAM/MONTGOMERY, AL - MULO",232,232,44435926.57,0,2022-01-09,2026-06-14,0,0.0,8,0,8|0
"SUBCATEGORY_BERRIES_RASPBERRIES@@BUFFALO/ROCHESTER, NY - MULO",232,232,82104962.7,0,2022-01-09,2026-06-14,0,0.0,9,0,9|0
"SUBCATEGORY_BERRIES_RASPBERRIES@@COLUMBUS, OH - MULO",232,232,51838922.37,0,2022-01-09,2026-06-14,0,0.0,8,0,8|0
"SUBCATEGORY_BERRIES_RASPBERRIES@@GREEN BAY, WI - MULO",232,232,29367895.7,0,2022-01-09,2026-06-14,0,0.0,8,0,8|0
"SUBCATEGORY_BERRIES_RASPBERRIES@@OKLAHOMA CITY, OK - MULO",232,232,15494700.45,0,2022-01-09,2026-06-14,0,0.0,7,0,7|0
"SUBCATEGORY_BERRIES_RASPBERRIES@@RICHMOND/NORFOLK, VA - MULO",232,232,53329574.94,0,2022-01-09,2026-06-14,0,0.0,8,0,8|0
SUBCATEGORY_BERRIES_RASPBERRIES@@SOUTH CAROLINA - MULO,232,232,81853471.65,0,2022-01-09,2026-06-14,0,0.0,9,0,9|0
"SUBCATEGORY_BERRIES_RASPBERRIES@@TOLEDO, OH - MULO",232,232,39991452.95,0,2022-01-09,2026-06-14,0,0.0,8,0,8|0
SUBCATEGORY_BERRIES_RASPBERRIES@@WEST TEXAS/NEW MEXICO - MULO,232,232,43852418.71,0,2022-01-09,2026-06-14,0,0.0,8,0,8|0
"SUBCATEGORY_BERRIES_STRAWBERRIES@@ALBANY, NY - MULO",232,232,84452970.76,0,2022-01-09,2026-06-14,0,0.0,9,0,9|0
"SUBCATEGORY_BERRIES_STRAWBERRIES@@COLUMBUS, OH - MULO",232,232,157692701.71,0,2022-01-09,2026-06-14,0,0.0,9,0,9|0
"SUBCATEGORY_BERRIES_STRAWBERRIES@@DETROIT, MI - MULO",232,232,301688397.85,0,2022-01-09,2026-06-14,0,0.0,9,0,9|0
"SUBCATEGORY_BERRIES_STRAWBERRIES@@NEW ORLEANS, LA/MOBILE, AL - MULO",232,232,160259852.77,0,2022-01-09,2026-06-14,0,0.0,9,0,9|0
"SUBCATEGORY_BERRIES_STRAWBERRIES@@PEORIA/SPRINGFIELD, IL - MULO",232,232,104481100.9,0,2022-01-09,2026-06-14,0,0.0,9,0,9|0
"SUBCATEGORY_BERRIES_STRAWBERRIES@@SEATTLE/TACOMA, WA - MULO",232,232,232698334.22,0,2022-01-09,2026-06-14,0,0.0,9,0,9|0
"SUBCATEGORY_BERRIES_STRAWBERRIES_NATURAL@@LOS ANGELES, CA - MULO",180,180,117965329.29,0,2023-01-08,2026-06-14,0,0.0,9,0,9|0
"SUBCATEGORY_BERRIES_STRAWBERRIES_ORGANIC@@LITTLE ROCK, AR - MULO",180,180,1920529.77,0,2023-01-08,2026-06-14,0,0.0,2,0,2|0
"SUBCATEGORY_CARROTS_BABY-CARROTS@@BOISE, ID - MULO",232,232,7400277.86,0,2022-01-09,2026-06-14,0,0.0,5,0,5|0
"SUBCATEGORY_CARROTS_BABY-CARROTS@@KANSAS CITY, KS - MULO",232,232,26416243.66,0,2022-01-09,2026-06-14,0,0.0,7,0,7|0
"SUBCATEGORY_CARROTS_BABY-CARROTS@@SPOKANE, WA - MULO",232,232,8084775.09,0,2022-01-09,2026-06-14,0,0.0,5,0,5|0
"SUBCATEGORY_CARROTS_CARROTS@@COLUMBUS, OH - MULO",232,232,17597471.57,0,2022-01-09,2026-06-14,0,0.0,7,0,7|0
"SUBCATEGORY_CARROTS_CARROTS@@PHOENIX/TUCSON, AZ - MULO",232,232,33947638.38,0,2022-01-09,2026-06-14,0,0.0,8,0,8|0
"SUBCATEGORY_CARROTS_CARROTS@@SACRAMENTO, CA - MULO",232,232,17209587.01,0,2022-01-09,2026-06-14,0,0.0,7,0,7|0
"SUBCATEGORY_CARROTS_CARROTS@@SAN FRANCISCO/OAKLAND, CA - MULO",232,232,29997567.99,0,2022-01-09,2026-06-14,0,0.0,8,0,8|0
"SUBCATEGORY_CARROTS_CARROTS@@SPOKANE, WA - MULO",232,232,5029027.52,0,2022-01-09,2026-06-14,0,0.0,4,0,4|0
"SUBCATEGORY_CARROTS_CUT-CARROTS@@LAS VEGAS, NV - MULO",232,232,4738142.35,0,2022-01-09,2026-06-14,0,0.0,4,0,4|0
"SUBCATEGORY_CARROTS_CUT-CARROTS@@LOUISVILLE, KY - MULO",232,232,3647339.17,0,2022-01-09,2026-06-14,0,0.0,3,0,3|0
"SUBCATEGORY_CARROTS_CUT-CARROTS@@NEW YORK, NY - MULO",232,232,27104022.66,0,2022-01-09,2026-06-14,0,0.0,8,0,8|0
"SUBCATEGORY_CARROTS_CUT-CARROTS@@OMAHA, NE - MULO",232,232,4093256.25,0,2022-01-09,2026-06-14,0,0.0,4,0,4|0
"SUBCATEGORY_CARROTS_CUT-CARROTS@@ROANOKE, VA - MULO",232,232,7201883.55,0,2022-01-09,2026-06-14,0,0.0,5,0,5|0
"SUBCATEGORY_CARROTS_CUT-CARROTS@@SAN DIEGO, CA - MULO",232,232,9475605.05,0,2022-01-09,2026-06-14,0,0.0,5,0,5|0
SUBCATEGORY_CARROTS_CUT-CARROTS@@WEST TEXAS/NEW MEXICO - MULO,232,232,12239251.25,0,2022-01-09,2026-06-14,0,0.0,6,0,6|0
"SUBCATEGORY_CARROTS_CUT-CARROTS@@WICHITA, KS - MULO",232,232,1995849.59,0,2022-01-09,2026-06-14,0,0.0,2,0,2|0
"SUBCATEGORY_CELERY_CELERY@@BOSTON, MA - MULO",232,232,37134176.37,0,2022-01-09,2026-06-14,0,0.0,8,0,8|0
"SUBCATEGORY_CELERY_CELERY@@CHICAGO, IL - MULO",232,232,25280760.22,0,2022-01-09,2026-06-14,0,0.0,7,0,7|0
"SUBCATEGORY_CELERY_CELERY@@LOUISVILLE, KY - MULO",232,232,5495217.93,0,2022-01-09,2026-06-14,0,0.0,4,0,4|0
"SUBCATEGORY_CELERY_CELERY@@NEW ORLEANS, LA/MOBILE, AL - MULO",232,232,16817645.47,0,2022-01-09,2026-06-14,0,0.0,7,0,7|0
"SUBCATEGORY_CELERY_CELERY@@PHOENIX/TUCSON, AZ - MULO",232,232,17212488.2,0,2022-01-09,2026-06-14,0,0.0,7,0,7|0
"SUBCATEGORY_CELERY_CELERY@@SACRAMENTO, CA - MULO",232,232,12903537.64,0,2022-01-09,2026-06-14,0,0.0,6,0,6|0
"SUBCATEGORY_CELERY_CELERY@@SAN DIEGO, CA - MULO",232,232,10544553.63,0,2022-01-09,2026-06-14,0,0.0,6,0,6|0
"SUBCATEGORY_CELERY_CELERY@@ST. LOUIS, MO - MULO",232,232,7750689.81,0,2022-01-09,2026-06-14,0,0.0,5,0,5|0
"SUBCATEGORY_CELERY_CUT-CELERY@@ALBANY, NY - MULO",232,232,1891587.07,0,2022-01-09,2026-06-14,0,0.0,2,0,2|0
"SUBCATEGORY_CELERY_CUT-CELERY@@DENVER, CO - MULO",232,232,11427526.81,0,2022-01-09,2026-06-14,0,0.0,6,0,6|0
"SUBCATEGORY_CELERY_CUT-CELERY@@KNOXVILLE, TN - MULO",232,232,2132257.61,0,2022-01-09,2026-06-14,0,0.0,2,0,2|0
"SUBCATEGORY_CELERY_CUT-CELERY@@NEW ORLEANS, LA/MOBILE, AL - MULO",232,232,6152120.91,0,2022-01-09,2026-06-14,0,0.0,4,0,4|0
"SUBCATEGORY_CELERY_CUT-CELERY@@OKLAHOMA CITY, OK - MULO",232,232,2914174.11,0,2022-01-09,2026-06-14,0,0.0,3,0,3|0
"SUBCATEGORY_CELERY_CUT-CELERY@@OMAHA, NE - MULO",232,232,2489250.67,0,2022-01-09,2026-06-14,0,0.0,3,0,3|0
"SUBCATEGORY_CELERY_CUT-CELERY@@SPOKANE, WA - MULO",232,232,735208.48,0,2022-01-09,2026-06-14,0,0.0,1,0,1|0
"SUBCATEGORY_CITRUS_GRAPEFRUIT@@BALTIMORE, MD/WASHINGTON D.C. - MULO",232,232,14592444.59,0,2022-01-09,2026-06-14,0,0.0,6,0,6|0
"SUBCATEGORY_CITRUS_GRAPEFRUIT@@DENVER, CO - MULO",232,232,7054951.93,0,2022-01-09,2026-06-14,0,0.0,5,0,5|0
"SUBCATEGORY_CITRUS_GRAPEFRUIT@@MIAMI/FT. LAUDERDALE, FL - MULO",232,232,17252736.45,0,2022-01-09,2026-06-14,0,0.0,7,0,7|0
"SUBCATEGORY_CITRUS_GRAPEFRUIT@@SALT LAKE CITY, UT - MULO",232,232,2518750.79,0,2022-01-09,2026-06-14,0,0.0,3,0,3|0
"SUBCATEGORY_CITRUS_LEMONS@@ATLANTA, GA - MULO",232,232,54606729.4,0,2022-01-09,2026-06-14,0,0.0,8,0,8|0
"SUBCATEGORY_CITRUS_LEMONS@@INDIANAPOLIS, IN - MULO",232,232,19458382.17,0,2022-01-09,2026-06-14,0,0.0,7,0,7|0
"SUBCATEGORY_CITRUS_LEMONS@@LAS VEGAS, NV - MULO",232,232,17785278.84,0,2022-01-09,2026-06-14,0,0.0,7,0,7|0
"SUBCATEGORY_CITRUS_LEMONS@@LOUISVILLE, KY - MULO",232,232,10598894.85,0,2022-01-09,2026-06-14,0,0.0,6,0,6|0
"SUBCATEGORY_CITRUS_LEMONS@@WICHITA, KS - MULO",232,232,4902169.03,0,2022-01-09,2026-06-14,0,0.0,4,0,4|0
"SUBCATEGORY_CITRUS_LIMES@@ROANOKE, VA - MULO",232,232,6399359.58,0,2022-01-09,2026-06-14,0,0.0,5,0,5|0
"SUBCATEGORY_CITRUS_MANDARINS@@BUFFALO/ROCHESTER, NY - MULO",232,232,83082029.17,0,2022-01-09,2026-06-14,0,0.0,9,0,9|0
"SUBCATEGORY_CITRUS_MANDARINS@@HARRISBURG/SCRANTON, PA - MULO",232,232,136635485.23,0,2022-01-09,2026-06-14,0,0.0,9,0,9|0
"SUBCATEGORY_CITRUS_MANDARINS@@INDIANAPOLIS, IN - MULO",232,232,75394977.92,0,2022-01-09,2026-06-14,0,0.0,9,0,9|0
"SUBCATEGORY_CITRUS_MANDARINS@@LITTLE ROCK, AR - MULO",232,232,21755283.45,0,2022-01-09,2026-06-14,0,0.0,7,0,7|0
"SUBCATEGORY_CITRUS_MANDARINS@@OKLAHOMA CITY, OK - MULO",232,232,38952484.1,0,2022-01-09,2026-06-14,0,0.0,8,0,8|0
"SUBCATEGORY_CITRUS_MANDARINS@@ST. LOUIS, MO - MULO",232,232,79666398.97,0,2022-01-09,2026-06-14,0,0.0,9,0,9|0
"SUBCATEGORY_CITRUS_ORANGES@@PHOENIX/TUCSON, AZ - MULO",232,232,49021321.22,0,2022-01-09,2026-06-14,0,0.0,8,0,8|0
"SUBCATEGORY_CITRUS_ORANGES@@TOLEDO, OH - MULO",232,232,20946729.38,0,2022-01-09,2026-06-14,0,0.0,7,0,7|0
"SUBCATEGORY_CUCUMBERS_CUCUMBERS@@PEORIA/SPRINGFIELD, IL - MULO",232,232,3852920.17,0,2022-01-09,2026-06-14,0,0.0,3,0,3|0
"SUBCATEGORY_CUCUMBERS_CUCUMBERS@@RICHMOND/NORFOLK, VA - MULO",232,232,11082534.26,0,2022-01-09,2026-06-14,0,0.0,6,0,6|0
"SUBCATEGORY_CUCUMBERS_CUCUMBERS@@SACRAMENTO, CA - MULO",232,232,5101903.52,0,2022-01-09,2026-06-14,0,0.0,4,0,4|0
"SUBCATEGORY_CUCUMBERS_CUCUMBERS@@SEATTLE/TACOMA, WA - MULO",232,232,6189274.22,0,2022-01-09,2026-06-14,0,0.0,4,0,4|0
"SUBCATEGORY_CUCUMBERS_MINI-CUCUMBERS@@GRAND RAPIDS, MI - MULO",232,232,7250088.96,0,2022-01-09,2026-06-14,0,0.0,5,0,5|0
"SUBCATEGORY_CUCUMBERS_MINI-CUCUMBERS@@NEW YORK, NY - MULO",232,232,154051658.96,0,2022-01-09,2026-06-14,0,0.0,9,0,9|0
"SUBCATEGORY_CUCUMBERS_MINI-CUCUMBERS@@OKLAHOMA CITY, OK - MULO",232,232,7006036.86,0,2022-01-09,2026-06-14,0,0.0,5,0,5|0
"SUBCATEGORY_GRAPES_BLACK-GRAPES@@BIRMINGHAM/MONTGOMERY, AL - MULO",232,232,7261789.3,0,2022-01-09,2026-06-14,0,0.0,5,0,5|0
"SUBCATEGORY_GRAPES_BLACK-GRAPES@@BOSTON, MA - MULO",232,232,2759039.85,0,2022-01-09,2026-06-14,0,0.0,3,0,3|0
"SUBCATEGORY_GRAPES_BLACK-GRAPES@@HARRISBURG/SCRANTON, PA - MULO",232,232,3256993.25,0,2022-01-09,2026-06-14,0,0.0,3,0,3|0
"SUBCATEGORY_GRAPES_BLACK-GRAPES@@KNOXVILLE, TN - MULO",232,232,1835862.91,0,2022-01-09,2026-06-14,0,0.0,2,0,2|0
"SUBCATEGORY_GRAPES_BLACK-GRAPES@@SACRAMENTO, CA - MULO",232,232,1392667.81,0,2022-01-09,2026-06-14,0,0.0,2,0,2|0
"SUBCATEGORY_GRAPES_GREEN-GRAPES@@CHARLOTTE, NC - MULO",232,232,26193886.05,0,2022-01-09,2026-06-14,0,0.0,7,0,7|0
"SUBCATEGORY_GRAPES_GREEN-GRAPES@@ST. LOUIS, MO - MULO",232,232,24152808.47,0,2022-01-09,2026-06-14,0,0.0,7,0,7|0
"SUBCATEGORY_GRAPES_OTHER-GRAPES@@BALTIMORE, MD/WASHINGTON D.C. - MULO",232,232,25286554.07,0,2022-01-09,2026-06-14,0,0.0,7,0,7|0
"SUBCATEGORY_GRAPES_OTHER-GRAPES@@COLUMBUS, OH - MULO",232,232,5205707.86,0,2022-01-09,2026-06-14,0,0.0,4,0,4|0
"SUBCATEGORY_GRAPES_OTHER-GRAPES@@MILWAUKEE, WI - MULO",232,232,5496641.56,0,2022-01-09,2026-06-14,0,0.0,4,0,4|0
"SUBCATEGORY_GRAPES_OTHER-GRAPES@@TAMPA/ST. PETERSBURG, FL - MULO",232,232,7251049.1,0,2022-01-09,2026-06-14,0,0.0,5,0,5|0
"SUBCATEGORY_GRAPES_RED-GRAPES@@ALBANY, NY - MULO",232,232,5139677.41,0,2022-01-09,2026-06-14,0,0.0,4,0,4|0
"SUBCATEGORY_GRAPES_RED-GRAPES@@BUFFALO/ROCHESTER, NY - MULO",232,232,7787088.37,0,2022-01-09,2026-06-14,0,0.0,5,0,5|0
"SUBCATEGORY_GRAPES_RED-GRAPES@@INDIANAPOLIS, IN - MULO",232,232,14115344.95,0,2022-01-09,2026-06-14,0,0.0,6,0,6|0
"SUBCATEGORY_GREENS-&-LETTUCE_BUNCHED-GREENS@@BIRMINGHAM/MONTGOMERY, AL - MULO",232,232,5949167.04,0,2022-01-09,2026-06-14,0,0.0,4,0,4|0
"SUBCATEGORY_GREENS-&-LETTUCE_BUNCHED-GREENS@@JACKSONVILLE, FL - MULO",232,232,4034004.55,0,2022-01-09,2026-06-14,0,0.0,4,0,4|0
"SUBCATEGORY_GREENS-&-LETTUCE_BUNCHED-GREENS@@NASHVILLE, TN - MULO",232,232,3760004.51,0,2022-01-09,2026-06-14,0,0.0,3,0,3|0
"SUBCATEGORY_GREENS-&-LETTUCE_BUNCHED-GREENS@@WICHITA, KS - MULO",232,232,830688.9,0,2022-01-09,2026-06-14,0,0.0,1,0,1|0
"SUBCATEGORY_GREENS-&-LETTUCE_BUNCHED-SPINACH@@SAN DIEGO, CA - MULO",232,232,456329.32,11,2022-01-09,2026-06-14,0,0.0474137931034482,1,0,1|0
"SUBCATEGORY_GREENS-&-LETTUCE_HEAD-CABBAGE@@BOISE, ID - MULO",191,232,82158.8,35,2022-01-09,2026-06-14,41,0.1832460732984293,0,1,0|1
"SUBCATEGORY_GREENS-&-LETTUCE_HEAD-CABBAGE@@DALLAS/FT. WORTH, TX - MULO",232,232,2662778.24,0,2022-01-09,2026-06-14,0,0.0,3,0,3|0
"SUBCATEGORY_GREENS-&-LETTUCE_HEAD-CABBAGE@@KNOXVILLE, TN - MULO",232,232,337966.26,0,2022-01-09,2026-06-14,0,0.0,0,0,0|0
"SUBCATEGORY_GREENS-&-LETTUCE_HEAD-CABBAGE@@LOUISVILLE, KY - MULO",232,232,332875.53,0,2022-01-09,2026-06-14,0,0.0,0,0,0|0
SUBCATEGORY_GREENS-&-LETTUCE_HEAD-CABBAGE@@NEW ENGLAND - MULO,232,232,1758754.58,0,2022-01-09,2026-06-14,0,0.0,2,0,2|0
"SUBCATEGORY_GREENS-&-LETTUCE_HEAD-CABBAGE@@NEW ORLEANS, LA/MOBILE, AL - MULO",232,232,782626.53,0,2022-01-09,2026-06-14,0,0.0,1,0,1|0
"SUBCATEGORY_GREENS-&-LETTUCE_HEAD-CABBAGE@@PEORIA/SPRINGFIELD, IL - MULO",232,232,368560.31,0,2022-01-09,2026-06-14,0,0.0,0,0,0|0
"SUBCATEGORY_GREENS-&-LETTUCE_HEAD-CABBAGE@@WICHITA, KS - MULO",232,232,262675.43,0,2022-01-09,2026-06-14,0,0.0,0,0,0|0
"SUBCATEGORY_GREENS-&-LETTUCE_HEAD-LETTUCE@@BUFFALO/ROCHESTER, NY - MULO",232,232,32496625.38,0,2022-01-09,2026-06-14,0,0.0,8,0,8|0
"SUBCATEGORY_GREENS-&-LETTUCE_HEAD-LETTUCE@@CHARLOTTE, NC - MULO",232,232,22346341.71,0,2022-01-09,2026-06-14,0,0.0,7,0,7|0
"SUBCATEGORY_GREENS-&-LETTUCE_HEAD-LETTUCE@@CLEVELAND, OH - MULO",232,232,9486503.15,0,2022-01-09,2026-06-14,0,0.0,5,0,5|0
"SUBCATEGORY_GREENS-&-LETTUCE_HEAD-LETTUCE@@HOUSTON, TX - MULO",232,232,18571067.01,0,2022-01-09,2026-06-14,0,0.0,7,0,7|0
"SUBCATEGORY_GREENS-&-LETTUCE_HEAD-LETTUCE@@INDIANAPOLIS, IN - MULO",232,232,10994318.24,0,2022-01-09,2026-06-14,0,0.0,6,0,6|0
"SUBCATEGORY_HERBS_BUNCHED-HERBS@@PEORIA/SPRINGFIELD, IL - MULO",215,232,551803.23,39,2022-01-09,2026-06-14,17,0.1813953488372093,1,1,1|1
"SUBCATEGORY_HERBS_BUNCHED-HERBS@@PROVIDENCE, RI - MULO",211,231,24812.44,14,2022-01-16,2026-06-14,20,0.0663507109004739,0,1,0|1
"SUBCATEGORY_HERBS_HERB-PASTES@@COLUMBUS, OH - MULO",232,232,2004866.11,0,2022-01-09,2026-06-14,0,0.0,2,0,2|0
"SUBCATEGORY_HERBS_HERB-PASTES@@LAS VEGAS, NV - MULO",232,232,2295787.69,0,2022-01-09,2026-06-14,0,0.0,2,0,2|0
"SUBCATEGORY_HERBS_HERB-PASTES@@PEORIA/SPRINGFIELD, IL - MULO",232,232,1161012.54,0,2022-01-09,2026-06-14,0,0.0,1,0,1|0
"SUBCATEGORY_HERBS_PACKAGED-HERBS@@DETROIT, MI - MULO",232,232,27558896.91,0,2022-01-09,2026-06-14,0,0.0,8,0,8|0
"SUBCATEGORY_HERBS_PACKAGED-HERBS@@GRAND RAPIDS, MI - MULO",232,232,10083579.93,0,2022-01-09,2026-06-14,0,0.0,6,0,6|0
"SUBCATEGORY_MELONS_CANTALOUPE-MELON@@BIRMINGHAM/MONTGOMERY, AL - MULO",232,232,3416639.45,0,2022-01-09,2026-06-14,0,0.0,3,0,3|0
"SUBCATEGORY_MELONS_CANTALOUPE-MELON@@LITTLE ROCK, AR - MULO",231,232,1245700.12,0,2022-01-09,2026-06-14,1,0.0,2,0,2|0
"SUBCATEGORY_MELONS_CANTALOUPE-MELON@@MEMPHIS, TN - MULO",231,232,1220428.82,0,2022-01-09,2026-06-14,1,0.0,2,0,2|0
"SUBCATEGORY_MELONS_CANTALOUPE-MELON@@NEW ORLEANS, LA/MOBILE, AL - MULO",232,232,4245520.77,0,2022-01-09,2026-06-14,0,0.0,4,0,4|0
"SUBCATEGORY_MELONS_CANTALOUPE-MELON@@OKLAHOMA CITY, OK - MULO",232,232,2265744.16,0,2022-01-09,2026-06-14,0,0.0,2,0,2|0
"SUBCATEGORY_MELONS_CANTALOUPE-MELON@@ROANOKE, VA - MULO",232,232,2386073.27,0,2022-01-09,2026-06-14,0,0.0,3,0,3|0
"SUBCATEGORY_MELONS_HONEYDEW-MELON@@BOISE, ID - MULO",207,218,110248.37,52,2022-04-17,2026-06-14,11,0.251207729468599,0,2,0|2
"SUBCATEGORY_MELONS_HONEYDEW-MELON@@LOUISVILLE, KY - MULO",232,232,729215.39,7,2022-01-09,2026-06-14,0,0.0301724137931034,1,0,1|0
"SUBCATEGORY_MELONS_HONEYDEW-MELON@@PHILADELPHIA, PA - MULO",232,232,901760.47,0,2022-01-09,2026-06-14,0,0.0,1,0,1|0
"SUBCATEGORY_MELONS_HONEYDEW-MELON@@SAN DIEGO, CA - MULO",205,232,161375.08,27,2022-01-09,2026-06-14,27,0.1317073170731707,0,1,0|1
"SUBCATEGORY_MELONS_OTHER-MELONS@@CHICAGO, IL - MULO",176,211,52634.88,106,2022-06-05,2026-06-14,35,0.6022727272727273,0,2,0|2
"SUBCATEGORY_MELONS_OTHER-MELONS@@RICHMOND/NORFOLK, VA - MULO",203,209,1207.08,188,2022-06-19,2026-06-14,6,0.9261083743842364,0,2,0|2
"SUBCATEGORY_MELONS_WATERMELON@@DES MOINES, IA - MULO",232,232,1029528.56,0,2022-01-09,2026-06-14,0,0.0,1,0,1|0
"SUBCATEGORY_MELONS_WATERMELON@@LAS VEGAS, NV - MULO",232,232,10474767.58,0,2022-01-09,2026-06-14,0,0.0,6,0,6|0
"SUBCATEGORY_MELONS_WATERMELON@@SAN DIEGO, CA - MULO",232,232,11929154.12,0,2022-01-09,2026-06-14,0,0.0,6,0,6|0
"SUBCATEGORY_MUSHROOMS_MUSHROOMS@@LOS ANGELES, CA - MULO",232,232,242614770.06,0,2022-01-09,2026-06-14,0,0.0,9,0,9|0
"SUBCATEGORY_MUSHROOMS_MUSHROOMS@@NEW YORK, NY - MULO",232,232,258366333.68,0,2022-01-09,2026-06-14,0,0.0,9,0,9|0
"SUBCATEGORY_MUSHROOMS_MUSHROOMS@@RALEIGH/GREENSBORO, NC - MULO",232,232,51070055.15,0,2022-01-09,2026-06-14,0,0.0,8,0,8|0
SUBCATEGORY_MUSHROOMS_MUSHROOMS@@WEST TEXAS/NEW MEXICO - MULO,232,232,61061338.24,0,2022-01-09,2026-06-14,0,0.0,9,0,9|0
"SUBCATEGORY_MUSHROOMS_SPECIALTY-MUSHROOMS@@HOUSTON, TX - MULO",232,232,1199055.51,0,2022-01-09,2026-06-14,0,0.0,1,0,1|0
"SUBCATEGORY_MUSHROOMS_SPECIALTY-MUSHROOMS@@JACKSONVILLE, FL - MULO",232,232,3829079.71,0,2022-01-09,2026-06-14,0,0.0,3,0,3|0
"SUBCATEGORY_ONIONS_GREEN-ONIONS@@ATLANTA, GA - MULO",232,232,4024375.49,0,2022-01-09,2026-06-14,0,0.0,4,0,4|0
"SUBCATEGORY_ONIONS_GREEN-ONIONS@@BUFFALO/ROCHESTER, NY - MULO",232,232,3129633.25,0,2022-01-09,2026-06-14,0,0.0,3,0,3|0
"SUBCATEGORY_ONIONS_GREEN-ONIONS@@GREEN BAY, WI - MULO",232,232,814880.69,0,2022-01-09,2026-06-14,0,0.0,1,0,1|0
"SUBCATEGORY_ONIONS_GREEN-ONIONS@@JACKSONVILLE, FL - MULO",232,232,2580405.31,0,2022-01-09,2026-06-14,0,0.0,3,0,3|0
"SUBCATEGORY_ONIONS_GREEN-ONIONS@@LOS ANGELES, CA - MULO",232,232,12612921.27,0,2022-01-09,2026-06-14,0,0.0,6,0,6|0
"SUBCATEGORY_ONIONS_GREEN-ONIONS@@MINNEAPOLIS/ST. PAUL, MN - MULO",232,232,7729922.96,0,2022-01-09,2026-06-14,0,0.0,5,0,5|0
"SUBCATEGORY_ONIONS_GREEN-ONIONS@@NEW YORK, NY - MULO",232,232,10270346.87,0,2022-01-09,2026-06-14,0,0.0,6,0,6|0
"SUBCATEGORY_ONIONS_GREEN-ONIONS@@ORLANDO, FL - MULO",232,232,7121629.89,0,2022-01-09,2026-06-14,0,0.0,5,0,5|0
"SUBCATEGORY_ONIONS_GREEN-ONIONS@@PHOENIX/TUCSON, AZ - MULO",232,232,3022598.59,0,2022-01-09,2026-06-14,0,0.0,3,0,3|0
"SUBCATEGORY_ONIONS_OTHER-ONIONS@@JACKSONVILLE, FL - MULO",232,232,1114292.01,0,2022-01-09,2026-06-14,0,0.0,1,0,1|0
"SUBCATEGORY_ONIONS_OTHER-ONIONS@@MEMPHIS, TN - MULO",232,232,186071.25,0,2022-01-09,2026-06-14,0,0.0,0,0,0|0
"SUBCATEGORY_ONIONS_OTHER-ONIONS@@TAMPA/ST. PETERSBURG, FL - MULO",232,232,1387643.14,0,2022-01-09,2026-06-14,0,0.0,2,0,2|0
"SUBCATEGORY_ONIONS_RED-ONIONS@@KANSAS CITY, KS - MULO",232,232,4178268.72,0,2022-01-09,2026-06-14,0,0.0,4,0,4|0
"SUBCATEGORY_ONIONS_RED-ONIONS@@MILWAUKEE, WI - MULO",232,232,7005136.94,0,2022-01-09,2026-06-14,0,0.0,5,0,5|0
"SUBCATEGORY_ONIONS_RED-ONIONS@@NASHVILLE, TN - MULO",232,232,8356935.76,0,2022-01-09,2026-06-14,0,0.0,5,0,5|0
"SUBCATEGORY_ONIONS_RED-ONIONS@@ROANOKE, VA - MULO",232,232,5504723.02,0,2022-01-09,2026-06-14,0,0.0,4,0,4|0
"SUBCATEGORY_ONIONS_SHALLOTS@@LITTLE ROCK, AR - MULO",232,232,136193.13,0,2022-01-09,2026-06-14,0,0.0,0,0,0|0
SUBCATEGORY_ONIONS_SHALLOTS@@MISSISSIPPI - MULO,232,232,241626.92,0,2022-01-09,2026-06-14,0,0.0,0,0,0|0
"SUBCATEGORY_ONIONS_SHALLOTS@@ST. LOUIS, MO - MULO",232,232,964363.57,0,2022-01-09,2026-06-14,0,0.0,1,0,1|0
SUBCATEGORY_ONIONS_SHALLOTS@@WEST TEXAS/NEW MEXICO - MULO,232,232,564556.96,0,2022-01-09,2026-06-14,0,0.0,1,0,1|0
"SUBCATEGORY_ONIONS_SWEET-ONIONS@@CHARLOTTE, NC - MULO",232,232,17371363.07,0,2022-01-09,2026-06-14,0,0.0,7,0,7|0
"SUBCATEGORY_ONIONS_SWEET-ONIONS@@HARTFORD, CT/SPRINGFIELD, MA - MULO",232,232,13830760.75,0,2022-01-09,2026-06-14,0,0.0,6,0,6|0
"SUBCATEGORY_ONIONS_SWEET-ONIONS@@ST. LOUIS, MO - MULO",232,232,9203565.41,0,2022-01-09,2026-06-14,0,0.0,5,0,5|0
"SUBCATEGORY_ONIONS_WHITE-ONIONS@@BUFFALO/ROCHESTER, NY - MULO",232,232,3241360.76,0,2022-01-09,2026-06-14,0,0.0,3,0,3|0
"SUBCATEGORY_ONIONS_WHITE-ONIONS@@DETROIT, MI - MULO",232,232,7438666.85,0,2022-01-09,2026-06-14,0,0.0,5,0,5|0
"SUBCATEGORY_ONIONS_WHITE-ONIONS@@LAS VEGAS, NV - MULO",232,232,2545381.08,0,2022-01-09,2026-06-14,0,0.0,3,0,3|0
SUBCATEGORY_ONIONS_WHITE-ONIONS@@NEW ENGLAND - MULO,232,232,592238.74,0,2022-01-09,2026-06-14,0,0.0,1,0,1|0
"SUBCATEGORY_ONIONS_WHITE-ONIONS@@RICHMOND/NORFOLK, VA - MULO",232,232,2292370.51,0,2022-01-09,2026-06-14,0,0.0,2,0,2|0
"SUBCATEGORY_ONIONS_WHITE-ONIONS@@SAN DIEGO, CA - MULO",232,232,2315903.08,0,2022-01-09,2026-06-14,0,0.0,3,0,3|0
"SUBCATEGORY_ONIONS_YELLOW-ONIONS@@CHARLOTTE, NC - MULO",232,232,38269120.59,0,2022-01-09,2026-06-14,0,0.0,8,0,8|0
"SUBCATEGORY_ONIONS_YELLOW-ONIONS@@CLEVELAND, OH - MULO",232,232,22423972.38,0,2022-01-09,2026-06-14,0,0.0,7,0,7|0
"SUBCATEGORY_ONIONS_YELLOW-ONIONS@@HARRISBURG/SCRANTON, PA - MULO",232,232,48275501.37,0,2022-01-09,2026-06-14,0,0.0,8,0,8|0
"SUBCATEGORY_ONIONS_YELLOW-ONIONS@@NEW YORK, NY - MULO",232,232,184674931.51,0,2022-01-09,2026-06-14,0,0.0,9,0,9|0
"SUBCATEGORY_ONIONS_YELLOW-ONIONS@@SEATTLE/TACOMA, WA - MULO",232,232,14503724.3,0,2022-01-09,2026-06-14,0,0.0,6,0,6|0
"SUBCATEGORY_OTHER-FRUIT_OTHER-FRUIT@@MINNEAPOLIS/ST. PAUL, MN - MULO",232,232,7127058.87,0,2022-01-09,2026-06-14,0,0.0,5,0,5|0
"SUBCATEGORY_OTHER-FRUIT_OTHER-FRUIT@@PHILADELPHIA, PA - MULO",232,232,6266616.93,0,2022-01-09,2026-06-14,0,0.0,4,0,4|0
"SUBCATEGORY_OTHER-VEGETABLES_ASPARAGUS@@BOISE, ID - MULO",232,232,1514607.91,0,2022-01-09,2026-06-14,0,0.0,2,0,2|0
"SUBCATEGORY_OTHER-VEGETABLES_ASPARAGUS@@DES MOINES, IA - MULO",232,232,2769842.8,0,2022-01-09,2026-06-14,0,0.0,3,0,3|0
"SUBCATEGORY_OTHER-VEGETABLES_ASPARAGUS@@GREEN BAY, WI - MULO",232,232,2311415.07,0,2022-01-09,2026-06-14,0,0.0,2,0,2|0
"SUBCATEGORY_OTHER-VEGETABLES_ASPARAGUS@@JACKSONVILLE, FL - MULO",232,232,11178101.63,0,2022-01-09,2026-06-14,0,0.0,6,0,6|0
"SUBCATEGORY_OTHER-VEGETABLES_ASPARAGUS@@TAMPA/ST. PETERSBURG, FL - MULO",232,232,28862517.56,0,2022-01-09,2026-06-14,0,0.0,8,0,8|0
"SUBCATEGORY_OTHER-VEGETABLES_BEANS@@BALTIMORE, MD/WASHINGTON D.C. - MULO",232,232,115616701.34,0,2022-01-09,2026-06-14,0,0.0,9,0,9|0
"SUBCATEGORY_OTHER-VEGETABLES_BEANS@@COLUMBUS, OH - MULO",232,232,10669352.65,0,2022-01-09,2026-06-14,0,0.0,6,0,6|0
"SUBCATEGORY_OTHER-VEGETABLES_BEANS@@DES MOINES, IA - MULO",232,232,5539256.86,0,2022-01-09,2026-06-14,0,0.0,4,0,4|0
"SUBCATEGORY_OTHER-VEGETABLES_BEANS@@HARRISBURG/SCRANTON, PA - MULO",232,232,38414024.64,0,2022-01-09,2026-06-14,0,0.0,8,0,8|0
"SUBCATEGORY_OTHER-VEGETABLES_BEANS@@ROANOKE, VA - MULO",232,232,9960188.43,0,2022-01-09,2026-06-14,0,0.0,6,0,6|0
"SUBCATEGORY_OTHER-VEGETABLES_BEANS@@SYRACUSE, NY - MULO",232,232,10467362.27,0,2022-01-09,2026-06-14,0,0.0,6,0,6|0
"SUBCATEGORY_OTHER-VEGETABLES_BEETS@@BOISE, ID - MULO",232,232,161001.59,0,2022-01-09,2026-06-14,0,0.0,0,0,0|0
"SUBCATEGORY_OTHER-VEGETABLES_BEETS@@BUFFALO/ROCHESTER, NY - MULO",232,232,345989.87,0,2022-01-09,2026-06-14,0,0.0,0,0,0|0
"SUBCATEGORY_OTHER-VEGETABLES_BEETS@@GRAND RAPIDS, MI - MULO",232,232,215998.95,0,2022-01-09,2026-06-14,0,0.0,0,0,0|0
"SUBCATEGORY_OTHER-VEGETABLES_BEETS@@SACRAMENTO, CA - MULO",232,232,265155.71,0,2022-01-09,2026-06-14,0,0.0,0,0,0|0
"SUBCATEGORY_OTHER-VEGETABLES_BROCCOLI@@BOISE, ID - MULO",232,232,332492.39,0,2022-01-09,2026-06-14,0,0.0,0,0,0|0
"SUBCATEGORY_OTHER-VEGETABLES_BROCCOLI@@BOSTON, MA - MULO",232,232,3265256.35,0,2022-01-09,2026-06-14,0,0.0,3,0,3|0
"SUBCATEGORY_OTHER-VEGETABLES_BROCCOLI@@CINCINNATI/DAYTON, OH - MULO",232,232,4581592.52,0,2022-01-09,2026-06-14,0,0.0,4,0,4|0
"SUBCATEGORY_OTHER-VEGETABLES_BROCCOLI@@CLEVELAND, OH - MULO",232,232,1696482.15,0,2022-01-09,2026-06-14,0,0.0,2,0,2|0
"SUBCATEGORY_OTHER-VEGETABLES_BROCCOLI@@HARTFORD, CT/SPRINGFIELD, MA - MULO",232,232,1902150.48,0,2022-01-09,2026-06-14,0,0.0,2,0,2|0
"SUBCATEGORY_OTHER-VEGETABLES_BROCCOLI@@KNOXVILLE, TN - MULO",232,232,1473256.97,0,2022-01-09,2026-06-14,0,0.0,2,0,2|0
"SUBCATEGORY_OTHER-VEGETABLES_BROCCOLI@@LAS VEGAS, NV - MULO",232,232,2324355.12,0,2022-01-09,2026-06-14,0,0.0,3,0,3|0
SUBCATEGORY_OTHER-VEGETABLES_BROCCOLI@@NEW ENGLAND - MULO,232,232,6608533.89,0,2022-01-09,2026-06-14,0,0.0,5,0,5|0
"SUBCATEGORY_OTHER-VEGETABLES_BROCCOLI@@OMAHA, NE - MULO",232,232,939270.59,0,2022-01-09,2026-06-14,0,0.0,1,0,1|0
"SUBCATEGORY_OTHER-VEGETABLES_BROCCOLI@@ORLANDO, FL - MULO",232,232,36606831.0,0,2022-01-09,2026-06-14,0,0.0,8,0,8|0
"SUBCATEGORY_OTHER-VEGETABLES_BROCCOLI@@ST. LOUIS, MO - MULO",232,232,2123393.65,0,2022-01-09,2026-06-14,0,0.0,2,0,2|0
"SUBCATEGORY_OTHER-VEGETABLES_BRUSSELS-SPROUTS@@BALTIMORE, MD/WASHINGTON D.C. - MULO",232,232,45041783.64,0,2022-01-09,2026-06-14,0,0.0,8,0,8|0
"SUBCATEGORY_OTHER-VEGETABLES_BRUSSELS-SPROUTS@@HARRISBURG/SCRANTON, PA - MULO",232,232,19403658.06,0,2022-01-09,2026-06-14,0,0.0,7,0,7|0
"SUBCATEGORY_OTHER-VEGETABLES_BRUSSELS-SPROUTS@@SPOKANE, WA - MULO",232,232,1022115.58,0,2022-01-09,2026-06-14,0,0.0,1,0,1|0
"SUBCATEGORY_OTHER-VEGETABLES_CAULIFLOWER@@GRAND RAPIDS, MI - MULO",232,232,5369318.4,0,2022-01-09,2026-06-14,0,0.0,4,0,4|0
"SUBCATEGORY_OTHER-VEGETABLES_CAULIFLOWER@@KANSAS CITY, KS - MULO",232,232,2758520.17,0,2022-01-09,2026-06-14,0,0.0,3,0,3|0
"SUBCATEGORY_OTHER-VEGETABLES_CORN@@COLUMBUS, OH - MULO",232,232,1023942.04,0,2022-01-09,2026-06-14,0,0.0,1,0,1|0
"SUBCATEGORY_OTHER-VEGETABLES_CORN@@SYRACUSE, NY - MULO",232,232,958082.68,0,2022-01-09,2026-06-14,0,0.0,1,0,1|0
"SUBCATEGORY_OTHER-VEGETABLES_GARLIC@@BUFFALO/ROCHESTER, NY - MULO",232,232,9971315.45,0,2022-01-09,2026-06-14,0,0.0,6,0,6|0
"SUBCATEGORY_OTHER-VEGETABLES_GARLIC@@LOS ANGELES, CA - MULO",232,232,40278852.04,0,2022-01-09,2026-06-14,0,0.0,8,0,8|0
SUBCATEGORY_OTHER-VEGETABLES_GARLIC@@MISSISSIPPI - MULO,232,232,5508487.05,0,2022-01-09,2026-06-14,0,0.0,4,0,4|0
"SUBCATEGORY_OTHER-VEGETABLES_GARLIC@@NEW YORK, NY - MULO",232,232,98909956.8,0,2022-01-09,2026-06-14,0,0.0,9,0,9|0
"SUBCATEGORY_OTHER-VEGETABLES_GARLIC@@SACRAMENTO, CA - MULO",232,232,7754786.19,0,2022-01-09,2026-06-14,0,0.0,5,0,5|0
"SUBCATEGORY_OTHER-VEGETABLES_GARLIC@@SYRACUSE, NY - MULO",232,232,4491993.72,0,2022-01-09,2026-06-14,0,0.0,4,0,4|0
"SUBCATEGORY_OTHER-VEGETABLES_GARLIC@@TULSA, OK - MULO",232,232,3183396.05,0,2022-01-09,2026-06-14,0,0.0,3,0,3|0
"SUBCATEGORY_OTHER-VEGETABLES_GINGER-ROOT@@CLEVELAND, OH - MULO",232,232,1435194.55,0,2022-01-09,2026-06-14,0,0.0,2,0,2|0
"SUBCATEGORY_OTHER-VEGETABLES_OTHER-VEGETABLES@@ATLANTA, GA - MULO",230,230,1823646.7,21,2022-01-23,2026-06-14,0,0.0913043478260869,2,1,2|1
"SUBCATEGORY_OTHER-VEGETABLES_OTHER-VEGETABLES@@CHICAGO, IL - MULO",231,231,2976960.31,28,2022-01-16,2026-06-14,0,0.1212121212121212,3,1,3|1
SUBCATEGORY_OTHER-VEGETABLES_OTHER-VEGETABLES@@MISSISSIPPI - MULO,207,226,168399.66,43,2022-02-20,2026-06-14,19,0.2077294685990338,0,2,0|2
"SUBCATEGORY_OTHER-VEGETABLES_PEAS@@PITTSBURGH, PA - MULO",232,232,3886934.13,0,2022-01-09,2026-06-14,0,0.0,3,0,3|0
"SUBCATEGORY_OTHER-VEGETABLES_PEAS@@PORTLAND, OR - MULO",232,232,12118290.99,0,2022-01-09,2026-06-14,0,0.0,6,0,6|0
"SUBCATEGORY_OTHER-VEGETABLES_PEAS@@ROANOKE, VA - MULO",232,232,4263273.74,0,2022-01-09,2026-06-14,0,0.0,4,0,4|0
"SUBCATEGORY_OTHER-VEGETABLES_PEAS@@SALT LAKE CITY, UT - MULO",232,232,7872397.94,0,2022-01-09,2026-06-14,0,0.0,5,0,5|0
SUBCATEGORY_OTHER-VEGETABLES_PEAS@@WEST TEXAS/NEW MEXICO - MULO,232,232,9104087.13,0,2022-01-09,2026-06-14,0,0.0,5,0,5|0
"SUBCATEGORY_OTHER-VEGETABLES_RADISHES@@CINCINNATI/DAYTON, OH - MULO",232,232,2978823.52,0,2022-01-09,2026-06-14,0,0.0,3,0,3|0
"SUBCATEGORY_OTHER-VEGETABLES_RADISHES@@LOS ANGELES, CA - MULO",232,232,2679700.56,0,2022-01-09,2026-06-14,0,0.0,3,0,3|0
SUBCATEGORY_OTHER-VEGETABLES_RADISHES@@NEW ENGLAND - MULO,232,232,4930500.61,0,2022-01-09,2026-06-14,0,0.0,4,0,4|0
"SUBCATEGORY_OTHER-VEGETABLES_RADISHES@@ROANOKE, VA - MULO",232,232,2781175.82,0,2022-01-09,2026-06-14,0,0.0,3,0,3|0
"SUBCATEGORY_OTHER-VEGETABLES_RADISHES@@SPOKANE, WA - MULO",232,232,237432.83,0,2022-01-09,2026-06-14,0,0.0,0,0,0|0
"SUBCATEGORY_OTHER-VEGETABLES_SPECIALTY-VEGETABLES@@BIRMINGHAM/MONTGOMERY, AL - MULO",232,232,6090306.51,0,2022-01-09,2026-06-14,0,0.0,4,0,4|0
"SUBCATEGORY_OTHER-VEGETABLES_SPECIALTY-VEGETABLES@@KNOXVILLE, TN - MULO",232,232,765774.77,0,2022-01-09,2026-06-14,0,0.0,1,0,1|0
"SUBCATEGORY_OTHER-VEGETABLES_SPECIALTY-VEGETABLES@@ORLANDO, FL - MULO",232,232,8390895.53,0,2022-01-09,2026-06-14,0,0.0,5,0,5|0
"SUBCATEGORY_OTHER-VEGETABLES_SPECIALTY-VEGETABLES@@PORTLAND, OR - MULO",232,232,1429209.27,0,2022-01-09,2026-06-14,0,0.0,2,0,2|0
"SUBCATEGORY_OTHER-VEGETABLES_SPROUTS@@CLEVELAND, OH - MULO",232,232,1037930.76,0,2022-01-09,2026-06-14,0,0.0,1,0,1|0
"SUBCATEGORY_OTHER-VEGETABLES_SPROUTS@@HARTFORD, CT/SPRINGFIELD, MA - MULO",232,232,1698972.21,0,2022-01-09,2026-06-14,0,0.0,2,0,2|0
"SUBCATEGORY_OTHER-VEGETABLES_SPROUTS@@HOUSTON, TX - MULO",232,232,1057313.89,0,2022-01-09,2026-06-14,0,0.0,1,0,1|0
"SUBCATEGORY_OTHER-VEGETABLES_SPROUTS@@LAS VEGAS, NV - MULO",232,232,1421942.7,0,2022-01-09,2026-06-14,0,0.0,2,0,2|0
"SUBCATEGORY_OTHER-VEGETABLES_SPROUTS@@ORLANDO, FL - MULO",232,232,1992487.0,0,2022-01-09,2026-06-14,0,0.0,2,0,2|0
"SUBCATEGORY_OTHER-VEGETABLES_SPROUTS@@SEATTLE/TACOMA, WA - MULO",232,232,5372127.85,0,2022-01-09,2026-06-14,0,0.0,4,0,4|0
"SUBCATEGORY_PEARS_ANJOU-PEARS@@CINCINNATI/DAYTON, OH - MULO",223,232,917905.9,9,2022-01-09,2026-06-14,9,0.0403587443946188,1,0,1|0
"SUBCATEGORY_PEARS_ANJOU-PEARS@@SAN DIEGO, CA - MULO",225,232,686836.77,14,2022-01-09,2026-06-14,7,0.0622222222222222,1,1,1|1
"SUBCATEGORY_PEARS_BARTLETT-PEARS@@ATLANTA, GA - MULO",232,232,8049400.5,0,2022-01-09,2026-06-14,0,0.0,5,0,5|0
"SUBCATEGORY_PEARS_BARTLETT-PEARS@@CHICAGO, IL - MULO",232,232,5502999.29,0,2022-01-09,2026-06-14,0,0.0,4,0,4|0
"SUBCATEGORY_PEARS_BARTLETT-PEARS@@CLEVELAND, OH - MULO",232,232,3413063.22,0,2022-01-09,2026-06-14,0,0.0,3,0,3|0
"SUBCATEGORY_PEARS_BARTLETT-PEARS@@COLUMBUS, OH - MULO",232,232,3216155.31,0,2022-01-09,2026-06-14,0,0.0,3,0,3|0
"SUBCATEGORY_PEARS_BARTLETT-PEARS@@GREEN BAY, WI - MULO",232,232,636473.12,0,2022-01-09,2026-06-14,0,0.0,1,0,1|0
"SUBCATEGORY_PEARS_BARTLETT-PEARS@@KNOXVILLE, TN - MULO",232,232,1240851.19,0,2022-01-09,2026-06-14,0,0.0,2,0,2|0
"SUBCATEGORY_PEARS_BOSC-PEARS@@BIRMINGHAM/MONTGOMERY, AL - MULO",231,232,872757.05,0,2022-01-09,2026-06-14,1,0.0,1,0,1|0
"SUBCATEGORY_PEARS_BOSC-PEARS@@BUFFALO/ROCHESTER, NY - MULO",190,232,310718.72,0,2022-01-09,2026-06-14,42,0.0,0,0,0|0
"SUBCATEGORY_PEARS_BOSC-PEARS@@GREEN BAY, WI - MULO",203,232,69669.8,1,2022-01-09,2026-06-14,29,0.0049261083743842,0,0,0|0
"SUBCATEGORY_PEARS_BOSC-PEARS@@RALEIGH/GREENSBORO, NC - MULO",213,232,818489.81,0,2022-01-09,2026-06-14,19,0.0,1,0,1|0
"SUBCATEGORY_PEARS_OTHER-PEARS@@CINCINNATI/DAYTON, OH - MULO",232,232,1492410.36,0,2022-01-09,2026-06-14,0,0.0,2,0,2|0
"SUBCATEGORY_PEARS_OTHER-PEARS@@GRAND RAPIDS, MI - MULO",230,232,1368844.1,0,2022-01-09,2026-06-14,2,0.0,2,0,2|0
"SUBCATEGORY_PEARS_OTHER-PEARS@@LITTLE ROCK, AR - MULO",232,232,390101.46,0,2022-01-09,2026-06-14,0,0.0,0,0,0|0
"SUBCATEGORY_PEPPERS_CHILI-PEPPERS@@DETROIT, MI - MULO",232,232,2933445.93,0,2022-01-09,2026-06-14,0,0.0,3,0,3|0
"SUBCATEGORY_PEPPERS_CHILI-PEPPERS@@MINNEAPOLIS/ST. PAUL, MN - MULO",232,232,6197464.72,0,2022-01-09,2026-06-14,0,0.0,4,0,4|0
"SUBCATEGORY_PEPPERS_CHILI-PEPPERS@@PEORIA/SPRINGFIELD, IL - MULO",232,232,1955670.88,0,2022-01-09,2026-06-14,0,0.0,2,0,2|0
"SUBCATEGORY_PEPPERS_CHILI-PEPPERS@@PORTLAND, OR - MULO",232,232,2704838.63,0,2022-01-09,2026-06-14,0,0.0,3,0,3|0
"SUBCATEGORY_PEPPERS_CHILI-PEPPERS@@ST. LOUIS, MO - MULO",232,232,3438017.76,0,2022-01-09,2026-06-14,0,0.0,3,0,3|0
"SUBCATEGORY_PEPPERS_SWEET-PEPPERS@@CINCINNATI/DAYTON, OH - MULO",232,232,39675696.86,0,2022-01-09,2026-06-14,0,0.0,8,0,8|0
"SUBCATEGORY_PEPPERS_SWEET-PEPPERS@@PHILADELPHIA, PA - MULO",232,232,86544494.77,0,2022-01-09,2026-06-14,0,0.0,9,0,9|0
"SUBCATEGORY_PEPPERS_SWEET-PEPPERS@@WICHITA, KS - MULO",232,232,10306520.47,0,2022-01-09,2026-06-14,0,0.0,6,0,6|0
"SUBCATEGORY_POTATOES_BAKING-&-RUSSET-POTATOES@@BOISE, ID - MULO",232,232,10808958.23,0,2022-01-09,2026-06-14,0,0.0,6,0,6|0
"SUBCATEGORY_POTATOES_BAKING-&-RUSSET-POTATOES@@KNOXVILLE, TN - MULO",232,232,50032937.05,0,2022-01-09,2026-06-14,0,0.0,8,0,8|0
"SUBCATEGORY_POTATOES_BAKING-&-RUSSET-POTATOES@@SALT LAKE CITY, UT - MULO",232,232,41215934.3,0,2022-01-09,2026-06-14,0,0.0,8,0,8|0
SUBCATEGORY_POTATOES_BAKING-&-RUSSET-POTATOES@@WEST TEXAS/NEW MEXICO - MULO,232,232,135408669.21,0,2022-01-09,2026-06-14,0,0.0,9,0,9|0
"SUBCATEGORY_POTATOES_OTHER-POTATOES@@DENVER, CO - MULO",232,232,40463079.66,0,2022-01-09,2026-06-14,0,0.0,8,0,8|0
"SUBCATEGORY_POTATOES_PETITE-POTATOES@@KNOXVILLE, TN - MULO",232,232,9401147.75,0,2022-01-09,2026-06-14,0,0.0,5,0,5|0
"SUBCATEGORY_POTATOES_PETITE-POTATOES@@SACRAMENTO, CA - MULO",232,232,21816763.21,0,2022-01-09,2026-06-14,0,0.0,7,0,7|0
"SUBCATEGORY_POTATOES_RED-POTATOES@@BIRMINGHAM/MONTGOMERY, AL - MULO",232,232,35201033.56,0,2022-01-09,2026-06-14,0,0.0,8,0,8|0
"SUBCATEGORY_POTATOES_RED-POTATOES@@CINCINNATI/DAYTON, OH - MULO",232,232,17082899.92,0,2022-01-09,2026-06-14,0,0.0,7,0,7|0
"SUBCATEGORY_POTATOES_RED-POTATOES@@GRAND RAPIDS, MI - MULO",232,232,14320494.92,0,2022-01-09,2026-06-14,0,0.0,6,0,6|0
"SUBCATEGORY_POTATOES_RED-POTATOES@@RICHMOND/NORFOLK, VA - MULO",232,232,22743056.22,0,2022-01-09,2026-06-14,0,0.0,7,0,7|0
"SUBCATEGORY_POTATOES_RED-POTATOES@@SAN DIEGO, CA - MULO",232,232,7365072.2,0,2022-01-09,2026-06-14,0,0.0,5,0,5|0
SUBCATEGORY_POTATOES_RED-POTATOES@@SOUTH CAROLINA - MULO,232,232,52928647.52,0,2022-01-09,2026-06-14,0,0.0,8,0,8|0
"SUBCATEGORY_POTATOES_SWEET-POTATOES-&-YAMS@@ATLANTA, GA - MULO",232,232,19754071.24,0,2022-01-09,2026-06-14,0,0.0,7,0,7|0
"SUBCATEGORY_POTATOES_SWEET-POTATOES-&-YAMS@@BOISE, ID - MULO",232,232,911673.15,0,2022-01-09,2026-06-14,0,0.0,1,0,1|0
SUBCATEGORY_POTATOES_SWEET-POTATOES-&-YAMS@@MISSISSIPPI - MULO,232,232,7079604.77,0,2022-01-09,2026-06-14,0,0.0,5,0,5|0
"SUBCATEGORY_POTATOES_SWEET-POTATOES-&-YAMS@@SAN DIEGO, CA - MULO",232,232,4398269.63,0,2022-01-09,2026-06-14,0,0.0,4,0,4|0
"SUBCATEGORY_POTATOES_SWEET-POTATOES-&-YAMS@@TULSA, OK - MULO",232,232,3393995.06,0,2022-01-09,2026-06-14,0,0.0,3,0,3|0
"SUBCATEGORY_POTATOES_WHITE-POTATOES@@BUFFALO/ROCHESTER, NY - MULO",232,232,23200857.01,0,2022-01-09,2026-06-14,0,0.0,7,0,7|0
"SUBCATEGORY_POTATOES_WHITE-POTATOES@@PEORIA/SPRINGFIELD, IL - MULO",230,232,533998.78,0,2022-01-09,2026-06-14,2,0.0,1,0,1|0
"SUBCATEGORY_POTATOES_WHITE-POTATOES@@RICHMOND/NORFOLK, VA - MULO",232,232,8622133.68,0,2022-01-09,2026-06-14,0,0.0,5,0,5|0
"SUBCATEGORY_POTATOES_WHITE-POTATOES@@ST. LOUIS, MO - MULO",220,232,83409.53,3,2022-01-09,2026-06-14,12,0.0136363636363636,0,0,0|0
"SUBCATEGORY_POTATOES_YELLOW-POTATOES@@ATLANTA, GA - MULO",232,232,44798147.11,0,2022-01-09,2026-06-14,0,0.0,8,0,8|0
"SUBCATEGORY_POTATOES_YELLOW-POTATOES@@GRAND RAPIDS, MI - MULO",232,232,18721652.07,0,2022-01-09,2026-06-14,0,0.0,7,0,7|0
"SUBCATEGORY_POTATOES_YELLOW-POTATOES@@JACKSONVILLE, FL - MULO",232,232,21570706.69,0,2022-01-09,2026-06-14,0,0.0,7,0,7|0
"SUBCATEGORY_POTATOES_YELLOW-POTATOES@@OMAHA, NE - MULO",232,232,11103060.04,0,2022-01-09,2026-06-14,0,0.0,6,0,6|0
"SUBCATEGORY_POTATOES_YELLOW-POTATOES@@SYRACUSE, NY - MULO",232,232,14067787.02,0,2022-01-09,2026-06-14,0,0.0,6,0,6|0
"SUBCATEGORY_SALADS_PACKAGED-GREENS@@BIRMINGHAM/MONTGOMERY, AL - MULO",232,232,36821577.34,0,2022-01-09,2026-06-14,0,0.0,8,0,8|0
"SUBCATEGORY_SALADS_PACKAGED-GREENS@@DES MOINES, IA - MULO",232,232,5788923.95,0,2022-01-09,2026-06-14,0,0.0,4,0,4|0
"SUBCATEGORY_SALADS_PACKAGED-GREENS@@LAS VEGAS, NV - MULO",232,232,16753454.04,0,2022-01-09,2026-06-14,0,0.0,7,0,7|0
SUBCATEGORY_SALADS_PACKAGED-GREENS@@MISSISSIPPI - MULO,232,232,10336734.83,0,2022-01-09,2026-06-14,0,0.0,6,0,6|0
"SUBCATEGORY_SALADS_PACKAGED-GREENS@@OKLAHOMA CITY, OK - MULO",232,232,8371095.72,0,2022-01-09,2026-06-14,0,0.0,5,0,5|0
"SUBCATEGORY_SALADS_PACKAGED-GREENS@@TAMPA/ST. PETERSBURG, FL - MULO",232,232,60049481.92,0,2022-01-09,2026-06-14,0,0.0,9,0,9|0
"SUBCATEGORY_SALADS_PACKAGED-GREENS@@TOLEDO, OH - MULO",232,232,11291493.97,0,2022-01-09,2026-06-14,0,0.0,6,0,6|0
"SUBCATEGORY_SALADS_PACKAGED-MICROGREENS@@PITTSBURGH, PA - MULO",232,232,335882.44,0,2022-01-09,2026-06-14,0,0.0,0,0,0|0
"SUBCATEGORY_SALADS_PACKAGED-MICROGREENS@@SACRAMENTO, CA - MULO",232,232,1680251.02,0,2022-01-09,2026-06-14,0,0.0,2,0,2|0
"SUBCATEGORY_SALADS_PACKAGED-MICROGREENS@@SEATTLE/TACOMA, WA - MULO",232,232,1008995.95,0,2022-01-09,2026-06-14,0,0.0,1,0,1|0
"SUBCATEGORY_SALADS_PACKAGED-MICROGREENS@@SYRACUSE, NY - MULO",230,232,53864.42,0,2022-01-09,2026-06-14,2,0.0,0,0,0|0
"SUBCATEGORY_SALADS_SALAD-KITS-SINGLES@@HOUSTON, TX - MULO",232,232,64248646.67,0,2022-01-09,2026-06-14,0,0.0,9,0,9|0
SUBCATEGORY_SALADS_SALAD-KITS-SINGLES@@NEW ENGLAND - MULO,232,232,91754338.54,0,2022-01-09,2026-06-14,0,0.0,9,0,9|0
"SUBCATEGORY_SALADS_SALAD-KITS-SINGLES@@PITTSBURGH, PA - MULO",232,232,41363725.95,0,2022-01-09,2026-06-14,0,0.0,8,0,8|0
"SUBCATEGORY_SALADS_SALAD-KITS-SINGLES@@SEATTLE/TACOMA, WA - MULO",232,232,92960750.9,0,2022-01-09,2026-06-14,0,0.0,9,0,9|0
"SUBCATEGORY_SALADS_SALAD-KITS@@BIRMINGHAM/MONTGOMERY, AL - MULO",232,232,159183553.27,0,2022-01-09,2026-06-14,0,0.0,9,0,9|0
"SUBCATEGORY_SALADS_SALAD-KITS@@TULSA, OK - MULO",232,232,53457625.75,0,2022-01-09,2026-06-14,0,0.0,8,0,8|0
"SUBCATEGORY_SALADS_SALADS@@GREEN BAY, WI - MULO",232,232,44884156.76,0,2022-01-09,2026-06-14,0,0.0,8,0,8|0
"SUBCATEGORY_SALADS_SALADS@@OKLAHOMA CITY, OK - MULO",232,232,50534853.28,0,2022-01-09,2026-06-14,0,0.0,8,0,8|0
SUBCATEGORY_SALADS_SLAWS@@NEW ENGLAND - MULO,232,232,16653834.75,0,2022-01-09,2026-06-14,0,0.0,7,0,7|0
"SUBCATEGORY_SALADS_SLAWS@@OKLAHOMA CITY, OK - MULO",232,232,3969659.75,0,2022-01-09,2026-06-14,0,0.0,4,0,4|0
"SUBCATEGORY_SALADS_SLAWS@@PHILADELPHIA, PA - MULO",232,232,16699667.12,0,2022-01-09,2026-06-14,0,0.0,7,0,7|0
"SUBCATEGORY_SALADS_SLAWS@@PORTLAND, OR - MULO",232,232,13039138.79,0,2022-01-09,2026-06-14,0,0.0,6,0,6|0
"SUBCATEGORY_SALADS_SLAWS@@SYRACUSE, NY - MULO",232,232,4383209.42,0,2022-01-09,2026-06-14,0,0.0,4,0,4|0
"SUBCATEGORY_SHELF-STABLE-RICE-&-GRAINS_SS-RICE-&-GRAINS-DRY-PLAIN@@BALTIMORE, MD/WASHINGTON D.C. - MULO",232,232,322264924.5,0,2022-01-09,2026-06-14,0,0.0,9,0,9|0
"SUBCATEGORY_SHELF-STABLE-RICE-&-GRAINS_SS-RICE-&-GRAINS-DRY-PLAIN@@LOS ANGELES, CA - MULO",232,232,499161052.7,0,2022-01-09,2026-06-14,0,0.0,9,0,9|0
"SUBCATEGORY_SHELF-STABLE-RICE-&-GRAINS_SS-RICE-&-GRAINS-DRY-PLAIN@@PEORIA/SPRINGFIELD, IL - MULO",232,232,38621529.31,0,2022-01-09,2026-06-14,0,0.0,8,0,8|0
"SUBCATEGORY_SHELF-STABLE-RICE-&-GRAINS_SS-RICE-&-GRAINS-MIXES-&-CONVENIENCE@@INDIANAPOLIS, IN - MULO",232,232,57221174.3,0,2022-01-09,2026-06-14,0,0.0,9,0,9|0
"SUBCATEGORY_SPECIALTY-FRUIT_COCONUTS@@KNOXVILLE, TN - MULO",220,232,358176.61,0,2022-01-09,2026-06-14,12,0.0,0,0,0|0
"SUBCATEGORY_SPECIALTY-FRUIT_COCONUTS@@LOUISVILLE, KY - MULO",221,232,478763.35,0,2022-01-09,2026-06-14,11,0.0,1,0,1|0
"SUBCATEGORY_SPECIALTY-FRUIT_COCONUTS@@NEW ORLEANS, LA/MOBILE, AL - MULO",230,232,1439219.7,2,2022-01-09,2026-06-14,2,0.008695652173913,2,0,2|0
"SUBCATEGORY_SPECIALTY-FRUIT_COCONUTS@@ROANOKE, VA - MULO",232,232,833728.34,0,2022-01-09,2026-06-14,0,0.0,1,0,1|0
"SUBCATEGORY_SPECIALTY-FRUIT_FIGS@@CINCINNATI/DAYTON, OH - MULO",223,232,108052.99,0,2022-01-09,2026-06-14,9,0.0,0,0,0|0
"SUBCATEGORY_SPECIALTY-FRUIT_FIGS@@COLUMBUS, OH - MULO",222,232,50657.23,0,2022-01-09,2026-06-14,10,0.0,0,0,0|0
"SUBCATEGORY_SPECIALTY-FRUIT_FIGS@@GREEN BAY, WI - MULO",225,232,35571.16,1,2022-01-09,2026-06-14,7,0.0044444444444444,0,0,0|0
"SUBCATEGORY_SPECIALTY-FRUIT_FIGS@@PROVIDENCE, RI - MULO",224,232,350704.87,2,2022-01-09,2026-06-14,8,0.0089285714285714,0,0,0|0
"SUBCATEGORY_SPECIALTY-FRUIT_FIGS@@RICHMOND/NORFOLK, VA - MULO",232,232,467511.25,0,2022-01-09,2026-06-14,0,0.0,1,0,1|0
"SUBCATEGORY_SPECIALTY-FRUIT_KIWI@@HARRISBURG/SCRANTON, PA - MULO",232,232,19674265.28,0,2022-01-09,2026-06-14,0,0.0,7,0,7|0
"SUBCATEGORY_SPECIALTY-FRUIT_KIWI@@LOS ANGELES, CA - MULO",232,232,75335911.05,0,2022-01-09,2026-06-14,0,0.0,9,0,9|0
"SUBCATEGORY_SPECIALTY-FRUIT_KIWI@@PHOENIX/TUCSON, AZ - MULO",232,232,24284999.45,0,2022-01-09,2026-06-14,0,0.0,7,0,7|0
"SUBCATEGORY_SPECIALTY-FRUIT_MANGOES@@LOS ANGELES, CA - MULO",232,232,23834008.71,0,2022-01-09,2026-06-14,0,0.0,7,0,7|0
"SUBCATEGORY_SPECIALTY-FRUIT_MANGOES@@MEMPHIS, TN - MULO",232,232,2629545.55,0,2022-01-09,2026-06-14,0,0.0,3,0,3|0
SUBCATEGORY_SPECIALTY-FRUIT_MANGOES@@MISSISSIPPI - MULO,232,232,2619485.6,0,2022-01-09,2026-06-14,0,0.0,3,0,3|0
"SUBCATEGORY_SPECIALTY-FRUIT_MANGOES@@SAN DIEGO, CA - MULO",232,232,4088942.79,0,2022-01-09,2026-06-14,0,0.0,4,0,4|0
"SUBCATEGORY_SPECIALTY-FRUIT_OTHER-SPECIALTY-FRUIT@@DALLAS/FT. WORTH, TX - MULO",232,232,9655404.68,0,2022-01-09,2026-06-14,0,0.0,5,0,5|0
"SUBCATEGORY_SPECIALTY-FRUIT_OTHER-SPECIALTY-FRUIT@@HARRISBURG/SCRANTON, PA - MULO",232,232,4544460.52,0,2022-01-09,2026-06-14,0,0.0,4,0,4|0
"SUBCATEGORY_SPECIALTY-FRUIT_OTHER-SPECIALTY-FRUIT@@JACKSONVILLE, FL - MULO",232,232,1731725.5,0,2022-01-09,2026-06-14,0,0.0,2,0,2|0
"SUBCATEGORY_SPECIALTY-FRUIT_OTHER-SPECIALTY-FRUIT@@NEW YORK, NY - MULO",232,232,15726072.18,0,2022-01-09,2026-06-14,0,0.0,7,0,7|0
"SUBCATEGORY_SPECIALTY-FRUIT_OTHER-SPECIALTY-FRUIT@@OMAHA, NE - MULO",232,232,1304056.25,0,2022-01-09,2026-06-14,0,0.0,2,0,2|0
"SUBCATEGORY_SPECIALTY-FRUIT_OTHER-SPECIALTY-FRUIT@@PEORIA/SPRINGFIELD, IL - MULO",232,232,1681280.71,0,2022-01-09,2026-06-14,0,0.0,2,0,2|0
"SUBCATEGORY_SPECIALTY-FRUIT_OTHER-SPECIALTY-FRUIT@@SPOKANE, WA - MULO",232,232,500617.41,0,2022-01-09,2026-06-14,0,0.0,1,0,1|0
"SUBCATEGORY_SPECIALTY-FRUIT_PINEAPPLE@@BUFFALO/ROCHESTER, NY - MULO",232,232,11824816.49,0,2022-01-09,2026-06-14,0,0.0,6,0,6|0
"SUBCATEGORY_SPECIALTY-FRUIT_PINEAPPLE@@DALLAS/FT. WORTH, TX - MULO",232,232,14852888.12,0,2022-01-09,2026-06-14,0,0.0,6,0,6|0
"SUBCATEGORY_SPECIALTY-FRUIT_PINEAPPLE@@HARTFORD, CT/SPRINGFIELD, MA - MULO",232,232,8858336.19,0,2022-01-09,2026-06-14,0,0.0,5,0,5|0
SUBCATEGORY_SPECIALTY-FRUIT_PINEAPPLE@@SOUTH CAROLINA - MULO,232,232,9274299.34,0,2022-01-09,2026-06-14,0,0.0,5,0,5|0
"SUBCATEGORY_SQUASH_OTHER-SQUASH@@BALTIMORE, MD/WASHINGTON D.C. - MULO",232,232,1563696.69,0,2022-01-09,2026-06-14,0,0.0,2,0,2|0
SUBCATEGORY_SQUASH_OTHER-SQUASH@@MISSISSIPPI - MULO,188,232,44386.5,18,2022-01-09,2026-06-14,44,0.0957446808510638,0,1,0|1
"SUBCATEGORY_SQUASH_OTHER-SQUASH@@OKLAHOMA CITY, OK - MULO",220,232,32284.56,168,2022-01-09,2026-06-14,12,0.7636363636363637,0,2,0|2
"SUBCATEGORY_SQUASH_SUMMER-SQUASH@@ATLANTA, GA - MULO",232,232,16618198.71,0,2022-01-09,2026-06-14,0,0.0,7,0,7|0
"SUBCATEGORY_SQUASH_SUMMER-SQUASH@@BALTIMORE, MD/WASHINGTON D.C. - MULO",232,232,5168573.12,0,2022-01-09,2026-06-14,0,0.0,4,0,4|0
"SUBCATEGORY_SQUASH_SUMMER-SQUASH@@BOISE, ID - MULO",221,232,5468.9400000000005,108,2022-01-09,2026-06-14,11,0.4886877828054298,0,2,0|2
"SUBCATEGORY_SQUASH_SUMMER-SQUASH@@DALLAS/FT. WORTH, TX - MULO",232,232,830505.8,0,2022-01-09,2026-06-14,0,0.0,1,0,1|0
"SUBCATEGORY_SQUASH_SUMMER-SQUASH@@LOS ANGELES, CA - MULO",232,232,5443437.42,0,2022-01-09,2026-06-14,0,0.0,4,0,4|0
"SUBCATEGORY_SQUASH_SUMMER-SQUASH@@PORTLAND, OR - MULO",232,232,137365.56,0,2022-01-09,2026-06-14,0,0.0,0,0,0|0
"SUBCATEGORY_SQUASH_SUMMER-SQUASH@@RALEIGH/GREENSBORO, NC - MULO",232,232,1695104.29,0,2022-01-09,2026-06-14,0,0.0,2,0,2|0
"SUBCATEGORY_SQUASH_WINTER-SQUASH@@BIRMINGHAM/MONTGOMERY, AL - MULO",232,232,292883.39,0,2022-01-09,2026-06-14,0,0.0,0,0,0|0
"SUBCATEGORY_SQUASH_WINTER-SQUASH@@DES MOINES, IA - MULO",226,232,61652.42,0,2022-01-09,2026-06-14,6,0.0,0,0,0|0
"SUBCATEGORY_SQUASH_WINTER-SQUASH@@DETROIT, MI - MULO",232,232,565177.41,0,2022-01-09,2026-06-14,0,0.0,1,0,1|0
"SUBCATEGORY_SQUASH_WINTER-SQUASH@@MILWAUKEE, WI - MULO",232,232,176198.8,0,2022-01-09,2026-06-14,0,0.0,0,0,0|0
"SUBCATEGORY_SQUASH_WINTER-SQUASH@@PEORIA/SPRINGFIELD, IL - MULO",232,232,193907.37,0,2022-01-09,2026-06-14,0,0.0,0,0,0|0
"SUBCATEGORY_SQUASH_WINTER-SQUASH@@PORTLAND, OR - MULO",232,232,1476125.88,0,2022-01-09,2026-06-14,0,0.0,2,0,2|0
"SUBCATEGORY_SQUASH_WINTER-SQUASH@@ST. LOUIS, MO - MULO",232,232,934074.25,0,2022-01-09,2026-06-14,0,0.0,1,0,1|0
"SUBCATEGORY_STONE-FRUIT_APRICOTS@@BUFFALO/ROCHESTER, NY - MULO",198,214,190006.45,102,2022-05-15,2026-06-14,16,0.5151515151515151,0,2,0|2
"SUBCATEGORY_STONE-FRUIT_APRICOTS@@COLUMBUS, OH - MULO",229,232,285858.78,25,2022-01-09,2026-06-14,3,0.1091703056768559,0,1,0|1
"SUBCATEGORY_STONE-FRUIT_APRICOTS@@MINNEAPOLIS/ST. PAUL, MN - MULO",204,214,662336.15,114,2022-05-15,2026-06-14,10,0.5588235294117647,1,2,1|2
"SUBCATEGORY_STONE-FRUIT_APRICOTS@@ORLANDO, FL - MULO",206,214,892257.8,105,2022-05-15,2026-06-14,8,0.5097087378640777,1,2,1|2
"SUBCATEGORY_STONE-FRUIT_APRICOTS@@RICHMOND/NORFOLK, VA - MULO",206,220,326122.19,109,2022-04-03,2026-06-14,14,0.529126213592233,0,2,0|2
"SUBCATEGORY_STONE-FRUIT_CHERRIES@@HOUSTON, TX - MULO",232,232,13760257.57,0,2022-01-09,2026-06-14,0,0.0,6,0,6|0
"SUBCATEGORY_STONE-FRUIT_CHERRIES@@MIAMI/FT. LAUDERDALE, FL - MULO",232,232,16220222.32,0,2022-01-09,2026-06-14,0,0.0,7,0,7|0
"SUBCATEGORY_STONE-FRUIT_CHERRIES@@TAMPA/ST. PETERSBURG, FL - MULO",232,232,12196806.45,3,2022-01-09,2026-06-14,0,0.0129310344827586,6,0,6|0
"SUBCATEGORY_STONE-FRUIT_NECTARINES@@BOISE, ID - MULO",217,230,369858.26,47,2022-01-23,2026-06-14,13,0.216589861751152,0,2,0|2
"SUBCATEGORY_STONE-FRUIT_NECTARINES@@RALEIGH/GREENSBORO, NC - MULO",223,232,4412728.76,8,2022-01-09,2026-06-14,9,0.0358744394618834,4,0,4|0
"SUBCATEGORY_STONE-FRUIT_NECTARINES@@ROANOKE, VA - MULO",223,232,2033009.48,7,2022-01-09,2026-06-14,9,0.0313901345291479,2,0,2|0
"SUBCATEGORY_STONE-FRUIT_PEACHES@@HARRISBURG/SCRANTON, PA - MULO",223,229,5649197.56,27,2022-01-30,2026-06-14,6,0.1210762331838565,4,1,4|1
"SUBCATEGORY_STONE-FRUIT_PEACHES@@INDIANAPOLIS, IN - MULO",212,229,3286969.75,42,2022-01-30,2026-06-14,17,0.1981132075471698,3,1,3|1
"SUBCATEGORY_STONE-FRUIT_PEACHES@@MILWAUKEE, WI - MULO",209,228,3248451.34,48,2022-02-06,2026-06-14,19,0.2296650717703349,3,2,3|2
"SUBCATEGORY_STONE-FRUIT_PEACHES@@PHOENIX/TUCSON, AZ - MULO",206,230,6862658.46,37,2022-01-23,2026-06-14,24,0.1796116504854369,5,1,5|1
"SUBCATEGORY_STONE-FRUIT_PEACHES@@SEATTLE/TACOMA, WA - MULO",223,232,1604127.42,92,2022-01-09,2026-06-14,9,0.4125560538116592,2,2,2|2
"SUBCATEGORY_STONE-FRUIT_PLUMS@@BALTIMORE, MD/WASHINGTON D.C. - MULO",228,232,15088102.89,3,2022-01-09,2026-06-14,4,0.0131578947368421,6,0,6|0
"SUBCATEGORY_STONE-FRUIT_PLUMS@@DENVER, CO - MULO",226,232,5707961.68,3,2022-01-09,2026-06-14,6,0.0132743362831858,4,0,4|0
"SUBCATEGORY_STONE-FRUIT_PLUMS@@HOUSTON, TX - MULO",230,232,9814644.23,4,2022-01-09,2026-06-14,2,0.017391304347826,6,0,6|0
"SUBCATEGORY_STONE-FRUIT_PLUMS@@OMAHA, NE - MULO",225,232,1981985.13,11,2022-01-09,2026-06-14,7,0.0488888888888888,2,0,2|0
"SUBCATEGORY_STONE-FRUIT_PLUMS@@PEORIA/SPRINGFIELD, IL - MULO",229,232,1972802.06,6,2022-01-09,2026-06-14,3,0.0262008733624454,2,0,2|0
"SUBCATEGORY_STONE-FRUIT_PLUMS@@SACRAMENTO, CA - MULO",227,230,1972296.09,12,2022-01-23,2026-06-14,3,0.052863436123348,2,1,2|1
SUBCATEGORY_STONE-FRUIT_PLUMS@@SOUTH CAROLINA - MULO,232,232,12792550.39,0,2022-01-09,2026-06-14,0,0.0,6,0,6|0
"SUBCATEGORY_STONE-FRUIT_PLUMS@@WICHITA, KS - MULO",221,222,1507735.31,2,2022-03-20,2026-06-14,1,0.0090497737556561,2,0,2|0
"SUBCATEGORY_TOMATOES_COCKTAIL-TOMATOES@@CHARLOTTE, NC - MULO",232,232,10494340.9,0,2022-01-09,2026-06-14,0,0.0,6,0,6|0
"SUBCATEGORY_TOMATOES_COCKTAIL-TOMATOES@@DETROIT, MI - MULO",232,232,18694253.88,0,2022-01-09,2026-06-14,0,0.0,7,0,7|0
"SUBCATEGORY_TOMATOES_COCKTAIL-TOMATOES@@NEW ORLEANS, LA/MOBILE, AL - MULO",232,232,5048020.03,0,2022-01-09,2026-06-14,0,0.0,4,0,4|0
"SUBCATEGORY_TOMATOES_COCKTAIL-TOMATOES@@NEW YORK, NY - MULO",232,232,68189041.41,0,2022-01-09,2026-06-14,0,0.0,9,0,9|0
"SUBCATEGORY_TOMATOES_COCKTAIL-TOMATOES@@PHOENIX/TUCSON, AZ - MULO",232,232,13631564.5,0,2022-01-09,2026-06-14,0,0.0,6,0,6|0
"SUBCATEGORY_TOMATOES_COCKTAIL-TOMATOES@@SACRAMENTO, CA - MULO",232,232,7672614.15,0,2022-01-09,2026-06-14,0,0.0,5,0,5|0
"SUBCATEGORY_TOMATOES_ROMA-TOMATOES@@BUFFALO/ROCHESTER, NY - MULO",232,232,5541430.88,0,2022-01-09,2026-06-14,0,0.0,4,0,4|0
"SUBCATEGORY_TOMATOES_ROMA-TOMATOES@@CHICAGO, IL - MULO",232,232,3403466.6,0,2022-01-09,2026-06-14,0,0.0,3,0,3|0
"SUBCATEGORY_TOMATOES_ROMA-TOMATOES@@KANSAS CITY, KS - MULO",232,232,952803.58,0,2022-01-09,2026-06-14,0,0.0,1,0,1|0
"SUBCATEGORY_TOMATOES_ROMA-TOMATOES@@PEORIA/SPRINGFIELD, IL - MULO",232,232,693285.91,0,2022-01-09,2026-06-14,0,0.0,1,0,1|0
"SUBCATEGORY_TOMATOES_ROMA-TOMATOES@@PITTSBURGH, PA - MULO",232,232,1670522.18,0,2022-01-09,2026-06-14,0,0.0,2,0,2|0
"SUBCATEGORY_TOMATOES_ROMA-TOMATOES@@SACRAMENTO, CA - MULO",232,232,3855557.77,0,2022-01-09,2026-06-14,0,0.0,3,0,3|0
SUBCATEGORY_TOMATOES_ROMA-TOMATOES@@SOUTH CAROLINA - MULO,232,232,7247973.36,0,2022-01-09,2026-06-14,0,0.0,5,0,5|0
"SUBCATEGORY_TOMATOES_ROMA-TOMATOES@@TULSA, OK - MULO",232,232,449298.55,0,2022-01-09,2026-06-14,0,0.0,1,0,1|0
"SUBCATEGORY_TOMATOES_SNACKING-TOMATOES@@GREEN BAY, WI - MULO",232,232,16705149.86,0,2022-01-09,2026-06-14,0,0.0,7,0,7|0
"SUBCATEGORY_TOMATOES_SNACKING-TOMATOES@@HARTFORD, CT/SPRINGFIELD, MA - MULO",232,232,113250972.52,0,2022-01-09,2026-06-14,0,0.0,9,0,9|0
"SUBCATEGORY_TOMATOES_SNACKING-TOMATOES@@INDIANAPOLIS, IN - MULO",232,232,52914502.25,0,2022-01-09,2026-06-14,0,0.0,8,0,8|0
"SUBCATEGORY_TOMATOES_SNACKING-TOMATOES@@LOUISVILLE, KY - MULO",232,232,27898940.53,0,2022-01-09,2026-06-14,0,0.0,8,0,8|0
"SUBCATEGORY_TOMATOES_SNACKING-TOMATOES@@NEW YORK, NY - MULO",232,232,441086741.9,0,2022-01-09,2026-06-14,0,0.0,9,0,9|0
"SUBCATEGORY_TOMATOES_SNACKING-TOMATOES@@OKLAHOMA CITY, OK - MULO",232,232,27811756.83,0,2022-01-09,2026-06-14,0,0.0,8,0,8|0
"SUBCATEGORY_TOMATOES_SNACKING-TOMATOES@@SALT LAKE CITY, UT - MULO",232,232,43242349.17,0,2022-01-09,2026-06-14,0,0.0,8,0,8|0
"SUBCATEGORY_TOMATOES_SNACKING-TOMATOES@@ST. LOUIS, MO - MULO",232,232,71686747.45,0,2022-01-09,2026-06-14,0,0.0,9,0,9|0
"SUBCATEGORY_TOMATOES_TOMATOES@@ALBANY, NY - MULO",232,232,4928723.92,0,2022-01-09,2026-06-14,0,0.0,4,0,4|0
"SUBCATEGORY_TOMATOES_TOMATOES@@DETROIT, MI - MULO",232,232,15014223.1,0,2022-01-09,2026-06-14,0,0.0,6,0,6|0
SUBCATEGORY_TOMATOES_TOMATOES@@SOUTH CAROLINA - MULO,232,232,27162908.91,0,2022-01-09,2026-06-14,0,0.0,8,0,8|0
"SUBCATEGORY_TOMATOES_VINE-RIPE-TOMATOES@@BOISE, ID - MULO",224,232,353048.07,0,2022-01-09,2026-06-14,8,0.0,0,0,0|0
"SUBCATEGORY_TOMATOES_VINE-RIPE-TOMATOES@@HARRISBURG/SCRANTON, PA - MULO",232,232,11534628.14,0,2022-01-09,2026-06-14,0,0.0,6,0,6|0
"SUBCATEGORY_TOMATOES_VINE-RIPE-TOMATOES@@MEMPHIS, TN - MULO",232,232,3846223.17,0,2022-01-09,2026-06-14,0,0.0,3,0,3|0
"SUBCATEGORY_VALUE-ADDED-FRUIT_FRUIT-TRAYS@@LOS ANGELES, CA - MULO",232,232,8609399.66,0,2022-01-09,2026-06-14,0,0.0,5,0,5|0
"SUBCATEGORY_VALUE-ADDED-FRUIT_FRUIT-TRAYS@@MINNEAPOLIS/ST. PAUL, MN - MULO",232,232,2614253.05,0,2022-01-09,2026-06-14,0,0.0,3,0,3|0
"SUBCATEGORY_VALUE-ADDED-FRUIT_PREPARED-FRUIT@@INDIANAPOLIS, IN - MULO",232,232,95934322.92,0,2022-01-09,2026-06-14,0,0.0,9,0,9|0
"SUBCATEGORY_VALUE-ADDED-FRUIT_PREPARED-FRUIT@@MINNEAPOLIS/ST. PAUL, MN - MULO",232,232,87496446.09,0,2022-01-09,2026-06-14,0,0.0,9,0,9|0
"SUBCATEGORY_VALUE-ADDED-VEGETABLES_PREPARED-VEGETABLES@@CHICAGO, IL - MULO",232,232,78005932.91,0,2022-01-09,2026-06-14,0,0.0,9,0,9|0
"SUBCATEGORY_VALUE-ADDED-VEGETABLES_PREPARED-VEGETABLES@@LAS VEGAS, NV - MULO",232,232,28594106.41,0,2022-01-09,2026-06-14,0,0.0,8,0,8|0
"SUBCATEGORY_VALUE-ADDED-VEGETABLES_PREPARED-VEGETABLES@@MINNEAPOLIS/ST. PAUL, MN - MULO",232,232,49216411.52,0,2022-01-09,2026-06-14,0,0.0,8,0,8|0
"SUBCATEGORY_VALUE-ADDED-VEGETABLES_PREPARED-VEGETABLES@@OMAHA, NE - MULO",232,232,17069543.76,0,2022-01-09,2026-06-14,0,0.0,7,0,7|0
"SUBCATEGORY_VALUE-ADDED-VEGETABLES_PREPARED-VEGETABLES@@PORTLAND, OR - MULO",232,232,40652443.33,0,2022-01-09,2026-06-14,0,0.0,8,0,8|0
SUBCATEGORY_VALUE-ADDED-VEGETABLES_PREPARED-VEGETABLES@@SOUTH CAROLINA - MULO,232,232,80175965.03,0,2022-01-09,2026-06-14,0,0.0,9,0,9|0
"SUBCATEGORY_VALUE-ADDED-VEGETABLES_PREPARED-VEGETABLES@@TULSA, OK - MULO",232,232,11358494.47,0,2022-01-09,2026-06-14,0,0.0,6,0,6|0
"SUBCATEGORY_VALUE-ADDED-VEGETABLES_VEGETABLE-TRAYS@@GREEN BAY, WI - MULO",232,232,2775644.89,0,2022-01-09,2026-06-14,0,0.0,3,0,3|0
"SUBCATEGORY_VALUE-ADDED-VEGETABLES_VEGETABLE-TRAYS@@HOUSTON, TX - MULO",232,232,8355384.56,0,2022-01-09,2026-06-14,0,0.0,5,0,5|0
"SUBCATEGORY_VALUE-ADDED-VEGETABLES_VEGETABLE-TRAYS@@KANSAS CITY, KS - MULO",232,232,7004365.11,0,2022-01-09,2026-06-14,0,0.0,5,0,5|0
"SUBCATEGORY_VALUE-ADDED-VEGETABLES_VEGETABLE-TRAYS@@OMAHA, NE - MULO",232,232,4666800.34,0,2022-01-09,2026-06-14,0,0.0,4,0,4|0
"SUBCATEGORY_VALUE-ADDED-VEGETABLES_VEGETABLE-TRAYS@@PORTLAND, OR - MULO",232,232,19921675.76,0,2022-01-09,2026-06-14,0,0.0,7,0,7|0
