horizon,4,4,4,4,13,13,13,13
,count,mean,median,std,count,mean,median,std
model,,,,,,,,
autoarima,14988,0.7929056248501054,0.6171772275608605,0.8207792918961696,15000,0.9531748153038446,0.770020665780383,1.0711050743696127
autoets,14988,0.9040894365292121,0.6753005936659155,1.1317496261796676,15000,1.1411260055164187,0.8721678105533601,1.511446466790431
autotheta,14988,0.8480457199542796,0.6507788697189738,0.9045757565336462,15000,0.9971445873422385,0.7993766600063662,1.0699425394240587
chronos2,14988,0.8039314168912796,0.6096695898830325,0.865681487063621,15000,0.9502993480186551,0.7669715896400257,1.060065492311353
dlinear,14988,0.9031708343627567,0.6887280207448697,1.0397326798697382,15000,1.0694449424135248,0.8353003519133795,1.2482799590746312
lightgbm_global,14988,1.2458856793780602,0.7350975179068124,7.47634977747078,15000,1.5005437262596113,0.9330900015187369,8.250455581906898
lightgbm_local,14988,0.8908458524389311,0.6746952980191547,0.9643900057289924,15000,1.0540406590533689,0.8400248304490755,1.1364849350213415
naive,14988,0.9960314476500085,0.6815595811210857,1.3969688200543326,15000,1.265122578301904,0.9123218840340264,1.802037867472848
nhits,14988,0.8103474059867902,0.622619506995738,0.8914159596718255,15000,0.9798473486790372,0.7832838132900013,1.1079393282940952
patchtst,14988,1.1215205105158472,0.8108008858220332,1.469574414381182,15000,1.263470599236891,0.9465299103673205,1.6965075508154392
prophet,14988,0.9878454593643209,0.7748616275189182,1.0656768520364093,15000,1.0497185632948147,0.8446175728993004,1.201390443112792
seasonal_naive,14988,1.3148606616888965,0.9717432327663225,1.6687468448835499,15000,1.3755126404680165,1.0356858007882832,1.737107443542189
tabpfn_ts,14988,0.8406154429147407,0.6440818875091943,0.9335623688140008,15000,0.9978599721863332,0.7983445300696158,1.1770674519402629
tft,14988,0.8858225545503342,0.6589346575436756,1.0199324203712066,15000,1.0256489348370723,0.8176429395179796,1.1511871648368786
timesfm,14988,0.8014742604031048,0.6155721623602728,0.899565807631301,15000,0.9433064444341017,0.7479697475800801,1.1436860952025591
toto,14988,0.8894922858066883,0.6518209200812992,1.0010910427386297,15000,1.0766468511901723,0.8452687079665568,1.1922962852648678
ttm,14988,0.9597584265512474,0.7329200858872001,1.0809577438179507,15000,1.1342297883679244,0.8900971154534483,1.373279608273965
