model,family,peak_memory_mb,peak_rss_mb,n_series,n_params,device,tuning_trials,fit_seconds_total,fit_seconds_median,n_fits,predict_seconds_total,predict_seconds_median,total_seconds
autoarima,local,308.19628143310547,3603.3203125,1000,,cuda,20,51091.368571233994,3401.6158287009966,15,67.94798169302703,2.2644938200028264,51159.31655292702
autoets,local,92.10509967803955,3603.3203125,1000,,cuda,20,622.4382470789997,41.8664526499997,15,42.79688940399865,1.4610202045000733,665.2351364829983
autotheta,local,80.78845977783203,3603.3203125,1000,,cuda,20,173.88346662197728,11.78512819000025,15,41.59206852898933,1.3859924405005586,215.4755351509666
chronos2,foundation,17.011263847351074,3461.75390625,1000,,cuda,0,26.169830222999735,1.3835331099999166,15,26.032818084001974,0.8527124555000682,52.20264830700171
dlinear,global,18.16529655456543,3841.671875,1000,12411.0,cuda,20,218.60001639799702,7.280757396999434,30,7.732746714003952,0.25186861000020144,226.33276311200098
lightgbm_global,global,57.13114356994629,3568.3515625,1000,500.0,cuda,20,87.05350820900014,5.740564587999984,15,4.6927464500004135,0.16668394449999369,91.74625465900056
lightgbm_local,local,49.925283432006836,3604.16015625,1000,500000.0,cuda,20,4316.857826997,280.2636947080009,15,2270.7034042739997,80.89544114400087,6587.561231271
naive,baseline,69.45398235321045,3603.3203125,1000,,cuda,20,68.92373036699883,4.594636138999704,15,29.466378317998533,0.9814728960000139,98.39010868499736
nhits,global,18.16520118713379,3841.671875,1000,2600299.0,cuda,20,567.137796637995,18.903294308500335,30,14.35617581799579,0.4628460854992227,581.4939724559908
patchtst,global,18.165306091308594,3841.671875,1000,790913.0,cuda,20,1620.004055802,54.04258635399992,30,19.437718118002522,0.6245829014997071,1639.4417739200026
prophet,local,96.48018074035645,3604.16015625,1000,,cuda,20,1137.516762227002,75.91407217699998,15,1263.2028984339977,42.238788395499796,2400.7196606609996
seasonal_naive,baseline,70.00389385223389,3603.3203125,1000,,cuda,20,69.24909803199989,4.5982814099997995,15,29.89522578300057,0.9905294240002149,99.14432381500046
tabpfn_ts,foundation,186.27793407440186,3461.75390625,1000,,cuda,0,52.38935784100158,3.3367974760039942,15,48359.289469740994,1607.389588194499,48411.67882758199
tft,global,18.16513442993164,3841.671875,1000,871199.0,cuda,20,1472.0467446480006,50.47876333650015,30,15.087645045996851,0.46113955650025673,1487.1343896939975
timesfm,foundation,17.012999534606934,3461.75390625,1000,,cuda,0,44.4731014200006,2.4279797889998918,15,101.75520624400133,3.390425520000008,146.22830766400193
toto,foundation,17.01434898376465,3461.75390625,1000,,cuda,0,46.560962596999616,2.91959062099977,15,1821.8390359920018,60.648848437499964,1868.3999985890014
ttm,foundation,17.012868881225586,3461.75390625,1000,,cuda,0,32.70294342499983,2.123943455000699,15,8.681518003002566,0.29096923299948685,41.384461428002396
