model_a,model_b,n,horizon,power,n_autocovariances,harvey_correction,n_clusters,statistic,p_value,mean_loss_difference
autoarima,autoets,1000,4,1,0,False,124,-4.458394542998539,1.836453535763411e-05,-0.11109564718112372
autoarima,autotheta,1000,4,1,0,False,124,-4.030191323022336,9.697431163345182e-05,-0.055069030079257356
autoarima,chronos2,1000,4,1,0,False,124,-0.7472505605984989,0.4563384539383019,-0.010935444427541583
autoarima,dlinear,1000,4,1,0,False,124,-4.1525506173297035,6.096305984229796e-05,-0.11029501106642545
autoarima,lightgbm_global,1000,4,1,0,False,124,-2.0638147566117073,0.0411383939906293,-0.45289999446114904
autoarima,lightgbm_local,1000,4,1,0,False,124,-5.92122117925558,2.9725460171312242e-08,-0.09786529969891555
autoarima,naive,1000,4,1,0,False,124,-4.698511861074718,6.892633763256448e-06,-0.20288143802525627
autoarima,nhits,1000,4,1,0,False,124,-1.1338783299668507,0.259050706724757,-0.01737416021524298
autoarima,patchtst,1000,4,1,0,False,124,-6.815875451150028,3.7195077378661345e-10,-0.3287315202562128
autoarima,prophet,1000,4,1,0,False,124,-7.401431533326394,1.8426197297448526e-11,-0.19507092399880016
autoarima,seasonal_naive,1000,4,1,0,False,124,-7.868821075371721,1.5737235035667245e-12,-0.5215607389880941
autoarima,tabpfn_ts,1000,4,1,0,False,124,-2.899425118303422,0.004428899375185074,-0.047593427570443436
autoarima,tft,1000,4,1,0,False,124,-3.7182462162653103,0.00030338143573010887,-0.0928164594903635
autoarima,timesfm,1000,4,1,0,False,124,-0.5293530933814207,0.5975146227058524,-0.008506498928769096
autoarima,toto,1000,4,1,0,False,124,-4.141173815569819,6.367653747389752e-05,-0.09642824065772004
autoarima,ttm,1000,4,1,0,False,124,-5.927111144039819,2.89084093988168e-08,-0.16681310349511874
autoets,autotheta,1000,4,1,0,False,124,3.679718690336589,0.00034774570717551655,0.056026617101866356
autoets,chronos2,1000,4,1,0,False,124,5.812270166866902,4.9650279500336774e-08,0.10016020275358213
autoets,dlinear,1000,4,1,0,False,124,0.04762941856955983,0.962088835383123,0.0008006361146982846
autoets,lightgbm_global,1000,4,1,0,False,124,-1.5580297074831377,0.12179554364982305,-0.34180434728002534
autoets,lightgbm_local,1000,4,1,0,False,124,0.7576169185975892,0.4501293594630938,0.013230347482208173
autoets,naive,1000,4,1,0,False,124,-4.0943494887172225,7.611252434753502e-05,-0.09178579084413255
autoets,nhits,1000,4,1,0,False,124,5.668730041408847,9.686127237189615e-08,0.09372148696588074
autoets,patchtst,1000,4,1,0,False,124,-7.299249308559588,3.133744313898474e-11,-0.21763587307508905
autoets,prophet,1000,4,1,0,False,124,-2.9255257267866326,0.004096169345222401,-0.08397527681767644
autoets,seasonal_naive,1000,4,1,0,False,124,-5.655557135614219,1.0294199218389503e-07,-0.4104650918069703
autoets,tabpfn_ts,1000,4,1,0,False,124,3.636946912191021,0.0004041691990277526,0.06350221961068027
autoets,tft,1000,4,1,0,False,124,1.4258554146327067,0.15644307875807528,0.01827918769076023
autoets,timesfm,1000,4,1,0,False,124,5.946537051719825,2.6366905391632823e-08,0.10258914825235461
autoets,toto,1000,4,1,0,False,124,1.1399883909828235,0.25650616648109714,0.014667406523403682
autoets,ttm,1000,4,1,0,False,124,-2.741338166341444,0.007031665717838228,-0.055717456313995044
autotheta,chronos2,1000,4,1,0,False,124,4.322182679486931,3.155240888123731e-05,0.04413358565171577
autotheta,dlinear,1000,4,1,0,False,124,-2.5524508211641797,0.011920324623030254,-0.05522598098716808
autotheta,lightgbm_global,1000,4,1,0,False,124,-1.8121833962228284,0.07239723759518528,-0.3978309643818917
autotheta,lightgbm_local,1000,4,1,0,False,124,-3.3902698580932387,0.0009391098368663366,-0.04279626961965819
autotheta,naive,1000,4,1,0,False,124,-4.408139730828953,2.2451711157712633e-05,-0.14781240794599892
autotheta,nhits,1000,4,1,0,False,124,3.237637964063531,0.0015493637597955078,0.03769486986401438
autotheta,patchtst,1000,4,1,0,False,124,-6.732567731644346,5.657994908516384e-10,-0.27366249017695543
autotheta,prophet,1000,4,1,0,False,124,-5.1966740948187535,8.173544688512505e-07,-0.1400018939195428
autotheta,seasonal_naive,1000,4,1,0,False,124,-6.573602656823573,1.2520781304241873e-09,-0.4664917089088366
autotheta,tabpfn_ts,1000,4,1,0,False,124,0.5996581609717351,0.5498371317388956,0.007475602508813919
autotheta,tft,1000,4,1,0,False,124,-2.123248402841201,0.03573670796576479,-0.037747429411106134
autotheta,timesfm,1000,4,1,0,False,124,3.889335315549129,0.00016356079956241935,0.046562531150488265
autotheta,toto,1000,4,1,0,False,124,-2.620045510104646,0.009899200069419068,-0.04135921057846268
autotheta,ttm,1000,4,1,0,False,124,-4.81416003415453,4.250688507977797e-06,-0.11174407341586141
chronos2,dlinear,1000,4,1,0,False,124,-4.710774669990746,6.550512630399922e-06,-0.09935956663888384
chronos2,lightgbm_global,1000,4,1,0,False,124,-2.007711965135278,0.04686525855151081,-0.44196455003360746
chronos2,lightgbm_local,1000,4,1,0,False,124,-6.509099587496124,1.724172989101897e-09,-0.08692985527137398
chronos2,naive,1000,4,1,0,False,124,-5.626655705605061,1.1762297112711056e-07,-0.19194599359771466
chronos2,nhits,1000,4,1,0,False,124,-0.6501972709716849,0.5167773882630341,-0.006438715787701393
chronos2,patchtst,1000,4,1,0,False,124,-7.822476065606917,2.0128240177451674e-12,-0.3177960758286712
chronos2,prophet,1000,4,1,0,False,124,-7.107502297616186,8.426795883583192e-11,-0.18413547957125853
chronos2,seasonal_naive,1000,4,1,0,False,124,-7.414952210275255,1.7172534505936565e-11,-0.5106252945605525
chronos2,tabpfn_ts,1000,4,1,0,False,124,-3.7664014835949953,0.00025545074716826276,-0.036657983142901855
chronos2,tft,1000,4,1,0,False,124,-5.162344468223467,9.505782531682057e-07,-0.08188101506282192
chronos2,timesfm,1000,4,1,0,False,124,0.3176907305170105,0.7512582348556575,0.002428945498772488
chronos2,toto,1000,4,1,0,False,124,-6.385541622738395,3.1697324605421327e-09,-0.08549279623017844
chronos2,ttm,1000,4,1,0,False,124,-7.52177831843284,9.826031388602674e-12,-0.1558776590675772
dlinear,lightgbm_global,1000,4,1,0,False,124,-1.584414479308997,0.11566720163628368,-0.3426049833947236
dlinear,lightgbm_local,1000,4,1,0,False,124,0.71673313275278,0.4748975281925904,0.01242971136750988
dlinear,naive,1000,4,1,0,False,124,-3.430336612024163,0.0008212421448280333,-0.09258642695883085
dlinear,nhits,1000,4,1,0,False,124,5.599109465343075,1.3351454745092298e-07,0.09292085085118246
dlinear,patchtst,1000,4,1,0,False,124,-8.45811920969639,6.64809964398818e-14,-0.21843650918978733
dlinear,prophet,1000,4,1,0,False,124,-4.197723636991861,5.124280447329513e-05,-0.08477591293237474
dlinear,seasonal_naive,1000,4,1,0,False,124,-6.553049871334015,1.3866630825244162e-09,-0.4112657279216686
dlinear,tabpfn_ts,1000,4,1,0,False,124,3.1819636248909453,0.0018522265996197879,0.062701583495982
dlinear,tft,1000,4,1,0,False,124,1.492007274288802,0.13825765643707752,0.01747855157606194
dlinear,timesfm,1000,4,1,0,False,124,5.768635928028875,6.089044959380547e-08,0.10178851213765634
dlinear,toto,1000,4,1,0,False,124,0.8400121666240802,0.40253140066955484,0.01386677040870539
dlinear,ttm,1000,4,1,0,False,124,-4.070249938277664,8.338782395509741e-05,-0.05651809242869334
lightgbm_global,lightgbm_local,1000,4,1,0,False,124,1.648175217502602,0.10186884150794932,0.35503469476223354
lightgbm_global,naive,1000,4,1,0,False,124,1.123172791819571,0.26355160678424666,0.25001855643589277
lightgbm_global,nhits,1000,4,1,0,False,124,2.001832216997812,0.04750301156612549,0.435525834245906
lightgbm_global,patchtst,1000,4,1,0,False,124,0.5671003302361568,0.5716795279398189,0.12416847420493628
lightgbm_global,prophet,1000,4,1,0,False,124,1.2032522266295633,0.2311895668427822,0.25782907046234893
lightgbm_global,seasonal_naive,1000,4,1,0,False,124,-0.31654102298510833,0.7521284753891258,-0.06866074452694497
lightgbm_global,tabpfn_ts,1000,4,1,0,False,124,1.8623985735089932,0.06493297799626076,0.40530656689070566
lightgbm_global,tft,1000,4,1,0,False,124,1.6536943419712256,0.10073962290217171,0.36008353497078555
lightgbm_global,timesfm,1000,4,1,0,False,124,2.0406043903523043,0.043430515622513266,0.44439349553238006
lightgbm_global,toto,1000,4,1,0,False,124,1.6294079837837683,0.10578512968219102,0.356471753803429
lightgbm_global,ttm,1000,4,1,0,False,124,1.3293540274472193,0.18619156997813652,0.2860868909660303
lightgbm_local,naive,1000,4,1,0,False,124,-3.0803999375374884,0.002550789716471299,-0.10501613832634073
lightgbm_local,nhits,1000,4,1,0,False,124,7.2077819186165994,5.029460950075947e-11,0.08049113948367256
lightgbm_local,patchtst,1000,4,1,0,False,124,-6.153489042921616,9.80120112152904e-09,-0.2308662205572972
lightgbm_local,prophet,1000,4,1,0,False,124,-4.870663224639639,3.3477953347807117e-06,-0.09720562429988462
lightgbm_local,seasonal_naive,1000,4,1,0,False,124,-6.498283713544835,1.8189479328468865e-09,-0.42369543928917847
lightgbm_local,tabpfn_ts,1000,4,1,0,False,124,3.7358553036770106,0.00028494208252284907,0.05027187212847212
lightgbm_local,tft,1000,4,1,0,False,124,0.31888762979807767,0.7503526138966695,0.005048840208552059
lightgbm_local,timesfm,1000,4,1,0,False,124,7.457230381244826,1.3772761433390825e-11,0.08935880077014646
lightgbm_local,toto,1000,4,1,0,False,124,0.08627484996667074,0.9313882170277012,0.0014370590411955178
lightgbm_local,ttm,1000,4,1,0,False,124,-3.8806145075013654,0.0001688708386035568,-0.0689478037962032
naive,nhits,1000,4,1,0,False,124,5.494015719203072,2.1585117587021136e-07,0.1855072778100133
naive,patchtst,1000,4,1,0,False,124,-5.851494241436221,4.130067895241308e-08,-0.12585008223095648
naive,prophet,1000,4,1,0,False,124,0.18509406565379863,0.8534601163800206,0.0078105140264561205
naive,seasonal_naive,1000,4,1,0,False,124,-3.8132151785769506,0.00021581139986423994,-0.3186793009628377
naive,tabpfn_ts,1000,4,1,0,False,124,4.566024279149178,1.1883828063036613e-05,0.15528801045481283
naive,tft,1000,4,1,0,False,124,4.780285459170508,4.900881528441425e-06,0.11006497853489278
naive,timesfm,1000,4,1,0,False,124,5.784435130535841,5.6558623136738434e-08,0.19437493909648718
naive,toto,1000,4,1,0,False,124,4.2311250658970865,4.5030858590266796e-05,0.10645319736753624
naive,ttm,1000,4,1,0,False,124,1.2114024701913253,0.22806342444151112,0.03606833453013751
nhits,patchtst,1000,4,1,0,False,124,-8.138492205952282,3.727315122538099e-13,-0.31135736004096976
nhits,prophet,1000,4,1,0,False,124,-7.90072739538432,1.3281224129290757e-12,-0.17769676378355717
nhits,seasonal_naive,1000,4,1,0,False,124,-7.834408924136809,1.8893197974427047e-12,-0.5041865787728511
nhits,tabpfn_ts,1000,4,1,0,False,124,-3.700243844493057,0.0003233983880971066,-0.030219267355200457
nhits,tft,1000,4,1,0,False,124,-5.739457145903693,6.97623139246261e-08,-0.0754422992751205
nhits,timesfm,1000,4,1,0,False,124,1.2178345376487107,0.22561792046627988,0.008867661286473883
nhits,toto,1000,4,1,0,False,124,-5.937860129902898,2.7473779353143243e-08,-0.07905408044247705
nhits,ttm,1000,4,1,0,False,124,-8.990819888213634,3.633698295800012e-15,-0.14943894327987578
patchtst,prophet,1000,4,1,0,False,124,3.535615825548686,0.0005743097062903594,0.1336605962574126
patchtst,seasonal_naive,1000,4,1,0,False,124,-2.5563690479640795,0.011793751965373078,-0.19282921873188127
patchtst,tabpfn_ts,1000,4,1,0,False,124,7.025632081059279,1.2816340310542335e-10,0.2811380926857694
patchtst,tft,1000,4,1,0,False,124,8.43425553270537,7.565626321799001e-14,0.23591506076584928
patchtst,timesfm,1000,4,1,0,False,124,8.288959863567483,1.6590438832399224e-13,0.3202250213274436
patchtst,toto,1000,4,1,0,False,124,7.184462452878974,5.672172025523839e-11,0.23230327959849273
patchtst,ttm,1000,4,1,0,False,124,5.564609734394681,1.5640555412023326e-07,0.16191841676109403
prophet,seasonal_naive,1000,4,1,0,False,124,-5.845789571157391,4.2423283900129846e-08,-0.32648981498929386
prophet,tabpfn_ts,1000,4,1,0,False,124,6.116276754315457,1.1724387739792808e-08,0.14747749642835672
prophet,tft,1000,4,1,0,False,124,4.175528893517294,5.58165630744249e-05,0.10225446450843666
prophet,timesfm,1000,4,1,0,False,124,8.410269675235522,8.614719184376117e-14,0.18656442507003107
prophet,toto,1000,4,1,0,False,124,3.6871728383700457,0.00033870936322286316,0.09864268334108012
prophet,ttm,1000,4,1,0,False,124,1.37536104764214,0.1715192788674629,0.0282578205036814
seasonal_naive,tabpfn_ts,1000,4,1,0,False,124,7.181521025480492,5.758809856883143e-11,0.4739673114176506
seasonal_naive,tft,1000,4,1,0,False,124,6.324181314492497,4.280402825673554e-09,0.42874427949773053
seasonal_naive,timesfm,1000,4,1,0,False,124,7.821215077018967,2.026334403976026e-12,0.5130542400593249
seasonal_naive,toto,1000,4,1,0,False,124,6.026232386971091,1.8047454553479844e-08,0.425132498330374
seasonal_naive,ttm,1000,4,1,0,False,124,5.67505980612737,9.406598002568483e-08,0.3547476354929753
tabpfn_ts,tft,1000,4,1,0,False,124,-3.192248837929892,0.0017924261941768677,-0.04522303191992005
tabpfn_ts,timesfm,1000,4,1,0,False,124,5.686334827927661,8.928129006325e-08,0.03908692864167434
tabpfn_ts,toto,1000,4,1,0,False,124,-4.006328849105267,0.00010604728489774631,-0.04883481308727659
tabpfn_ts,ttm,1000,4,1,0,False,124,-6.835306650345493,3.3717839678394905e-10,-0.11921967592467533
tft,timesfm,1000,4,1,0,False,124,6.480903058814621,1.9821149624675634e-09,0.0843099605615944
tft,toto,1000,4,1,0,False,124,-0.4435890943073827,0.6581190090930695,-0.003611781167356545
tft,ttm,1000,4,1,0,False,124,-6.568798614521376,1.282333215006936e-09,-0.07399664400475527
timesfm,toto,1000,4,1,0,False,124,-7.744077287467906,3.049023878456755e-12,-0.08792174172895094
timesfm,ttm,1000,4,1,0,False,124,-9.738249313803287,5.845027713458875e-17,-0.15830660456634968
toto,ttm,1000,4,1,0,False,124,-4.727550328464647,6.10900958767927e-06,-0.07038486283739871
