model_a,model_b,rank_difference,abs_rank_difference,nemenyi_significant,statistic,p_value,median_difference,p_value_adjusted,wilcoxon_significant,agree
autoarima,autoets,-2.9014999999999995,2.9014999999999995,True,135689.0,4.502899033260377e-36,-0.05349571522669652,3.7374061976061133e-34,True,True
autoarima,autotheta,-1.8415000000000008,1.8415000000000008,True,164241.0,4.741954259906468e-21,-0.029073003560555727,2.845172555943881e-19,True,True
autoarima,chronos2,-0.24550000000000072,0.24550000000000072,False,232519.0,0.05227306047435397,-0.006505649302180533,0.6303533188310156,False,True
autoarima,dlinear,-1.8335,1.8335,True,160005.0,5.163248353133204e-23,-0.04445756432174258,3.2528464624739187e-21,True,True
autoarima,lightgbm_global,-3.2124999999999995,3.2124999999999995,True,126039.0,4.204245933337271e-42,-0.08677221282721992,3.909948718003662e-40,True,True
autoarima,lightgbm_local,-2.4195,2.4195,True,148816.0,1.2101655983972571e-28,-0.055413450287113086,8.834208868299978e-27,True,True
autoarima,naive,-4.1465000000000005,4.1465000000000005,True,115823.0,1.0395065204448068e-46,-0.09533462199284365,1.0187163900359107e-44,True,True
autoarima,nhits,0.027499999999999858,0.027499999999999858,False,229524.0,0.023285475448068534,-0.008465768114191058,0.37256760716909654,False,True
autoarima,patchtst,-6.3455,6.3455,True,53549.0,7.916362886707429e-103,-0.19499776131212637,1.0449599010453806e-100,True,True
autoarima,prophet,-3.389500000000001,3.389500000000001,True,106326.0,6.419731887365347e-56,-0.11086283752913154,6.933310438354575e-54,True,True
autoarima,seasonal_naive,-5.7909999999999995,5.7909999999999995,True,56613.0,7.337735121522718e-99,-0.24799200575816416,9.61243300919476e-97,True,True
autoarima,tabpfn_ts,-1.4935,1.4935,True,183025.0,1.858336087630696e-13,-0.02808118895100853,9.29168043815348e-12,True,True
autoarima,tft,-2.1085000000000003,2.1085000000000003,True,157637.0,3.760639344370252e-24,-0.05122994575939305,2.5196283607280687e-22,True,True
autoarima,timesfm,0.4444999999999997,0.4444999999999997,False,247505.0,0.7638153679678042,-0.002141737531204252,1.0,False,True
autoarima,toto,-2.591500000000001,2.591500000000001,True,153255.0,2.4760058986733898e-26,-0.045038272968239035,1.757964188058107e-24,True,True
autoarima,ttm,-3.8785,3.8785,True,110450.0,7.31849951836543e-53,-0.10093580874603314,7.757609489467355e-51,True,True
autoets,autotheta,1.0599999999999987,1.0599999999999987,True,187216.0,5.205598701253874e-12,0.003854746412341986,2.2904634285517044e-10,True,True
autoets,chronos2,2.655999999999999,2.655999999999999,True,136481.0,1.3396201119905512e-35,0.037510829678712665,1.098488491832252e-33,True,True
autoets,dlinear,1.0679999999999996,1.0679999999999996,True,213213.0,5.0314861253088696e-05,0.027857135164214675,0.001358884900389263,True,True
autoets,lightgbm_global,-0.31099999999999994,0.31099999999999994,False,229934.0,0.026159312869963765,-0.011853871478075428,0.37256760716909654,False,True
autoets,lightgbm_local,0.4819999999999993,0.4819999999999993,False,235268.0,0.10101224704491998,0.007014686403456927,1.0,False,True
autoets,naive,-1.245000000000001,1.245000000000001,True,159926.0,4.7362538122980334e-23,-0.014076062773796583,3.0312024398707414e-21,True,True
autoets,nhits,2.9289999999999994,2.9289999999999994,True,136750.0,1.936701462537079e-35,0.059464177324354994,1.568728184655034e-33,True,True
autoets,patchtst,-3.444000000000001,3.444000000000001,True,94148.0,1.845141990196425e-65,-0.10331016496935971,2.140364708627853e-63,True,True
autoets,prophet,-0.4880000000000013,0.4880000000000013,False,209477.0,8.077811434428681e-06,-0.022248057901321394,0.00023425653159843177,True,False
autoets,seasonal_naive,-2.8895,2.8895,True,123118.0,5.052195238760454e-44,-0.1753323757722557,4.850107429210035e-42,True,True
autoets,tabpfn_ts,1.4079999999999995,1.4079999999999995,True,189485.0,2.9015271369968553e-11,0.013873561762788561,1.1606108547987422e-09,True,True
autoets,tft,0.7929999999999993,0.7929999999999993,True,206126.0,1.365880953433697e-06,0.019902125538316717,4.234230955644461e-05,True,True
autoets,timesfm,3.345999999999999,3.345999999999999,True,117361.0,6.160226728314593e-48,0.05683110237666805,6.221828995597739e-46,True,True
autoets,toto,0.3099999999999987,0.3099999999999987,False,228242.0,0.015994154909253624,0.007169010289199203,0.2752787465479615,False,True
autoets,ttm,-0.9770000000000003,0.9770000000000003,True,203990.0,4.111286628237424e-07,-0.020896226676249907,1.4389503198830984e-05,True,True
autotheta,chronos2,1.596,1.596,True,187426.0,6.118319882947691e-12,0.02323793072797714,2.630877549667507e-10,True,True
autotheta,dlinear,0.008000000000000895,0.008000000000000895,False,233046.0,0.05967442834442787,0.0015619047459410618,0.6564187117887066,False,True
autotheta,lightgbm_global,-1.3709999999999987,1.3709999999999987,True,184355.0,5.47219423250619e-13,-0.03933651074841418,2.626653231602971e-11,True,True
autotheta,lightgbm_local,-0.5779999999999994,0.5779999999999994,False,221013.0,0.0013725949908547437,-0.010754771462464067,0.03294227978051385,True,False
autotheta,naive,-2.3049999999999997,2.3049999999999997,True,137490.0,5.315005408401522e-35,-0.035736988790789015,4.198854272637202e-33,True,True
autotheta,nhits,1.8690000000000007,1.8690000000000007,True,187665.0,7.348669205922718e-12,0.029717364821024828,3.0864410664875415e-10,True,True
autotheta,patchtst,-4.504,4.504,True,75617.0,1.8671482594126396e-81,-0.14467816351174012,2.2779208764834203e-79,True,True
autotheta,prophet,-1.548,1.548,True,166092.0,3.1969218865020384e-20,-0.06205837883512588,1.8861839130362027e-18,True,True
autotheta,seasonal_naive,-3.9494999999999987,3.9494999999999987,True,97137.0,4.776652895257124e-63,-0.20204293171803284,5.3976177716405504e-61,True,True
autotheta,tabpfn_ts,0.34800000000000075,0.34800000000000075,False,245803.0,0.6264146889508697,0.005238432539375799,1.0,False,True
autotheta,tft,-0.26699999999999946,0.26699999999999946,False,213136.0,4.8531603585330825e-05,-0.01154465932565607,0.001358884900389263,True,False
autotheta,timesfm,2.2860000000000005,2.2860000000000005,True,167496.0,1.3231377036613708e-19,0.03415519184446292,7.541884910869814e-18,True,True
autotheta,toto,-0.75,0.75,False,205151.0,7.94777094346838e-07,-0.011659379149434768,2.5432867019098816e-05,True,False
autotheta,ttm,-2.036999999999999,2.036999999999999,True,152175.0,6.932255563028175e-27,-0.06131332808125395,4.991224005380286e-25,True,True
chronos2,dlinear,-1.5879999999999992,1.5879999999999992,True,166666.0,5.730006233078752e-20,-0.03451896630439549,3.3234036151856763e-18,True,True
chronos2,lightgbm_global,-2.9669999999999987,2.9669999999999987,True,137325.0,4.2460833081055987e-35,-0.07726225250167612,3.396866646484479e-33,True,True
chronos2,lightgbm_local,-2.1739999999999995,2.1739999999999995,True,155058.0,2.010662423871297e-25,-0.04886944017202188,1.387357072471195e-23,True,True
chronos2,naive,-3.901,3.901,True,95110.0,1.1161755884118186e-64,-0.08432957910123817,1.2836019266735914e-62,True,True
chronos2,nhits,0.2730000000000006,0.2730000000000006,False,248464.0,0.8450016324879754,0.0003212237061808042,1.0,False,True
chronos2,patchtst,-6.1,6.1,True,41073.0,4.9749042084789025e-116,-0.19135090618328374,6.666371639361729e-114,True,True
chronos2,prophet,-3.144,3.144,True,125528.0,1.9541348853387978e-42,-0.08459769572725928,1.83688679221847e-40,True,True
chronos2,seasonal_naive,-5.545499999999999,5.545499999999999,True,67449.0,4.521017636912004e-89,-0.24596008441418166,5.651272046140005e-87,True,True
chronos2,tabpfn_ts,-1.2479999999999993,1.2479999999999993,True,184785.0,7.724490197231751e-13,-0.02310402411564194,3.630510392698923e-11,True,True
chronos2,tft,-1.8629999999999995,1.8629999999999995,True,138566.0,2.280178118098665e-34,-0.04264662567877775,1.755737150935972e-32,True,True
chronos2,timesfm,0.6900000000000004,0.6900000000000004,False,229593.0,0.023749030875114707,0.006727551040421595,0.37256760716909654,False,True
chronos2,toto,-2.346,2.346,True,129198.0,4.473441414125562e-40,-0.03462918442012888,3.9813628585717504e-38,True,True
chronos2,ttm,-3.632999999999999,3.632999999999999,True,93937.0,1.241462036067852e-65,-0.08241604148569834,1.4525105821993868e-63,True,True
dlinear,lightgbm_global,-1.3789999999999996,1.3789999999999996,True,204832.0,6.641489486584838e-07,-0.024737901000376095,2.2581064254388447e-05,True,True
dlinear,lightgbm_local,-0.5860000000000003,0.5860000000000003,False,241981.0,0.3653887147768188,-0.006797703319963627,1.0,False,True
dlinear,naive,-2.3130000000000006,2.3130000000000006,True,159883.0,4.518731781992305e-23,-0.06699974778502116,2.9371756582949983e-21,True,True
dlinear,nhits,1.8609999999999998,1.8609999999999998,True,132154.0,3.166425948534841e-38,0.04101400750749515,2.754790575225312e-36,True,True
dlinear,patchtst,-4.5120000000000005,4.5120000000000005,True,57776.0,1.5420360043337288e-98,-0.14209100428120242,2.0046468056338476e-96,True,True
dlinear,prophet,-1.556000000000001,1.556000000000001,True,177611.0,1.8465294336263464e-15,-0.043239720850476726,9.601953054857001e-14,True,True
dlinear,seasonal_naive,-3.9574999999999996,3.9574999999999996,True,88632.0,4.910988619660518e-70,-0.23083738937966053,5.8440764573960164e-68,True,True
dlinear,tabpfn_ts,0.33999999999999986,0.33999999999999986,False,221862.0,0.0018872861529198304,0.001314918442476054,0.043407581517156096,True,False
dlinear,tft,-0.27500000000000036,0.27500000000000036,False,249699.0,0.9519057171811456,-0.00019051011762816206,1.0,False,True
dlinear,timesfm,2.2779999999999996,2.2779999999999996,True,133907.0,3.7694612719988764e-37,0.03927569299333117,3.204042081199045e-35,True,True
dlinear,toto,-0.7580000000000009,0.7580000000000009,False,223174.0,0.003038613322977869,-0.022592971801472628,0.06684949310551312,False,True
dlinear,ttm,-2.045,2.045,True,155576.0,3.643859614920306e-25,-0.04781286370759244,2.477824538145808e-23,True,True
lightgbm_global,lightgbm_local,0.7929999999999993,0.7929999999999993,True,206558.0,1.7301471943375016e-06,0.030439403060000203,5.190441583012505e-05,True,True
lightgbm_global,naive,-0.934000000000001,0.934000000000001,True,214393.0,8.673192531958213e-05,-0.023597953230035495,0.002255030058309135,True,True
lightgbm_global,nhits,3.2399999999999993,3.2399999999999993,True,116069.0,7.720560661203413e-49,0.08054003749867916,7.874971874427481e-47,True,True
lightgbm_global,patchtst,-3.133000000000001,3.133000000000001,True,129832.0,1.1251778829754372e-39,-0.10840505572841308,9.901565370183848e-38,True,True
lightgbm_global,prophet,-0.17700000000000138,0.17700000000000138,False,224794.0,0.005328467621834471,-0.012847527913024459,0.10656935243668941,False,True
lightgbm_global,seasonal_naive,-2.5785,2.5785,True,113054.0,5.613523604764756e-51,-0.18687048330062,5.8941997850029936e-49,True,True
lightgbm_global,tabpfn_ts,1.7189999999999994,1.7189999999999994,True,172920.0,2.5674942403247757e-17,0.042257826694617084,1.4377967745818743e-15,True,True
lightgbm_global,tft,1.1039999999999992,1.1039999999999992,True,196288.0,3.4879349271609373e-09,0.029267139841298695,1.3254152723211562e-07,True,True
lightgbm_global,timesfm,3.656999999999999,3.656999999999999,True,118511.0,3.847165044308866e-47,0.08243071082158256,3.808693393865777e-45,True,True
lightgbm_global,toto,0.6209999999999987,0.6209999999999987,False,218741.0,0.0005625597489103151,0.018194355262721562,0.014063993722757876,True,False
lightgbm_global,ttm,-0.6660000000000004,0.6660000000000004,False,225418.0,0.006564394853912015,-0.01554478130774406,0.12472350222432829,False,True
lightgbm_local,naive,-1.7270000000000003,1.7270000000000003,True,183046.0,1.8906033640776003e-13,-0.03923847919079282,9.29168043815348e-12,True,True
lightgbm_local,nhits,2.447,2.447,True,153674.0,4.0422856821160855e-26,0.06066154991784445,2.8295999774812598e-24,True,True
lightgbm_local,patchtst,-3.926,3.926,True,95124.0,1.1457060846547786e-64,-0.12380726533130121,1.3061049365064475e-62,True,True
lightgbm_local,prophet,-0.9700000000000006,0.9700000000000006,True,179969.0,1.4358050937872072e-14,-0.05092036762423771,7.322605978314756e-13,True,True
lightgbm_local,seasonal_naive,-3.3714999999999993,3.3714999999999993,True,92848.0,1.5923897088080603e-66,-0.19770096917101193,1.8790198563935113e-64,True,True
lightgbm_local,tabpfn_ts,0.9260000000000002,0.9260000000000002,True,199780.0,3.302968325059441e-08,0.02562081139164024,1.189068597021399e-06,True,True
lightgbm_local,tft,0.31099999999999994,0.31099999999999994,False,242620.0,0.40360609442332995,0.005576523953218282,1.0,False,True
lightgbm_local,timesfm,2.864,2.864,True,139620.0,9.369118970042624e-34,0.05439011838390652,7.120530417232394e-32,True,True
lightgbm_local,toto,-0.1720000000000006,0.1720000000000006,False,247630.0,0.7742719445647283,0.002794140788486499,1.0,False,True
lightgbm_local,ttm,-1.4589999999999996,1.4589999999999996,True,176975.0,1.0500847367922346e-15,-0.0346929619224175,5.670457578678067e-14,True,True
naive,nhits,4.174,4.174,True,99191.0,2.0441441883450767e-61,0.09692820027364912,2.269000049063035e-59,True,True
naive,patchtst,-2.199,2.199,True,144261.0,4.034431699344524e-31,-0.05541351633576902,2.9854794575149475e-29,True,True
naive,prophet,0.7569999999999997,0.7569999999999997,False,236992.0,0.14670949611714873,0.02719311914930228,1.0,False,True
naive,seasonal_naive,-1.644499999999999,1.644499999999999,True,156380.0,7.722828906836526e-23,-0.1391744485910208,4.788153922238646e-21,True,True
naive,tabpfn_ts,2.6530000000000005,2.6530000000000005,True,126656.0,1.0559454383812719e-41,0.052062945696252305,9.609103489269574e-40,True,True
naive,tft,2.0380000000000003,2.0380000000000003,True,127016.0,1.8033969725664116e-41,0.06138032491893128,1.6230572753097704e-39,True,True
naive,timesfm,4.591,4.591,True,80757.0,7.696193615487806e-77,0.0954499234717942,9.235432338585366e-75,True,True
naive,toto,1.5549999999999997,1.5549999999999997,True,135249.0,2.4492933858332614e-36,0.03688822576791789,2.0574064440999396e-34,True,True
naive,ttm,0.2680000000000007,0.2680000000000007,False,223411.0,0.0033048426305955004,0.019467310282468397,0.06940169524250552,False,True
nhits,patchtst,-6.373,6.373,True,28158.0,1.5097366570255662e-130,-0.1836906909090178,2.0381444869845143e-128,True,True
nhits,prophet,-3.4170000000000007,3.4170000000000007,True,123459.0,8.509896737729055e-44,-0.10118440384069666,8.084401900842602e-42,True,True
nhits,seasonal_naive,-5.818499999999999,5.818499999999999,True,59752.0,1.45051631357432e-96,-0.26373823336830604,1.871166044510873e-94,True,True
nhits,tabpfn_ts,-1.521,1.521,True,187943.0,9.086646918094317e-12,-0.030173399278888235,3.72552523641867e-10,True,True
nhits,tft,-2.136,2.136,True,121592.0,4.816707442127238e-45,-0.045945588681293836,4.672206218863421e-43,True,True
nhits,timesfm,0.4169999999999998,0.4169999999999998,False,232225.0,0.04848871683315505,0.0038369503200479625,0.6303533188310156,False,True
nhits,toto,-2.6190000000000007,2.6190000000000007,True,137607.0,6.231112592978695e-35,-0.05193732952569813,4.860267822523382e-33,True,True
nhits,ttm,-3.9059999999999997,3.9059999999999997,True,74862.0,3.817084900132493e-82,-0.10218886645347514,4.695014427162966e-80,True,True
patchtst,prophet,2.9559999999999995,2.9559999999999995,True,173112.0,3.0741603625169784e-17,0.09693038529163991,1.6907881993843382e-15,True,True
patchtst,seasonal_naive,0.5545000000000009,0.5545000000000009,False,186498.0,2.9845846325262414e-12,-0.099366308321581,1.372908930962071e-10,True,False
patchtst,tabpfn_ts,4.852,4.852,True,59813.0,1.6677104533084258e-96,0.14945248121368354,2.134669380234785e-94,True,True
patchtst,tft,4.237,4.237,True,43385.0,1.600651073293148e-113,0.13766134583525713,2.1288659274798866e-111,True,True
patchtst,timesfm,6.79,6.79,True,26187.0,7.71032575131228e-133,0.19579237427134705,1.0486043021784702e-130,True,True
patchtst,toto,3.7539999999999996,3.7539999999999996,True,68342.0,3.196984989745713e-88,0.12287959888564948,3.9642613872846844e-86,True,True
patchtst,ttm,2.4670000000000005,2.4670000000000005,True,117873.0,1.3951880577344735e-47,0.09363815933931668,1.3951880577344735e-45,True,True
prophet,seasonal_naive,-2.4014999999999986,2.4014999999999986,True,132579.0,5.791966715101233e-38,-0.1580043991400349,4.98109137498706e-36,True,True
prophet,tabpfn_ts,1.8960000000000008,1.8960000000000008,True,158292.0,7.813329114527024e-24,0.06636473004273097,5.156797215587836e-22,True,True
prophet,tft,1.2810000000000006,1.2810000000000006,True,191865.0,1.6484396708576864e-10,0.034070400441001625,6.428914716344977e-09,True,True
prophet,timesfm,3.8340000000000005,3.8340000000000005,True,109073.0,7.137169800783917e-54,0.0887915679172408,7.636771686838791e-52,True,True
prophet,toto,0.798,0.798,True,204841.0,6.675327456783091e-07,0.02677684353904336,2.2581064254388447e-05,True,True
prophet,ttm,-0.488999999999999,0.488999999999999,False,242643.0,0.40502488037219764,0.003361266111522654,1.0,False,True
seasonal_naive,tabpfn_ts,4.297499999999999,4.297499999999999,True,78329.0,5.288240994964937e-79,0.20724951491598353,6.398771603907574e-77,True,True
seasonal_naive,tft,3.682499999999999,3.682499999999999,True,98997.0,1.4366888154740286e-61,0.2288674474492755,1.609091473330912e-59,True,True
seasonal_naive,timesfm,6.235499999999999,6.235499999999999,True,60161.0,3.6936690259593856e-96,0.2567513933941509,4.6909596629684196e-94,True,True
seasonal_naive,toto,3.1994999999999987,3.1994999999999987,True,113544.0,1.258859109549157e-50,0.19705116335257877,1.3092134739311232e-48,True,True
seasonal_naive,ttm,1.9124999999999996,1.9124999999999996,True,114120.0,3.2410567415342923e-50,0.18742361738702729,3.338288443780321e-48,True,True
tabpfn_ts,tft,-0.6150000000000002,0.6150000000000002,False,196767.0,4.787970517258493e-09,-0.01416919210094858,1.7715490913856425e-07,True,False
tabpfn_ts,timesfm,1.9379999999999997,1.9379999999999997,True,160751.0,1.162353705675666e-22,0.0293981221180164,7.090357604621564e-21,True,True
tabpfn_ts,toto,-1.0980000000000008,1.0980000000000008,True,186657.0,3.3776131957840547e-12,-0.014586125171724834,1.5199259381028245e-10,True,True
tabpfn_ts,ttm,-2.385,2.385,True,126490.0,8.245752316177229e-42,-0.0659487822465604,7.58609213088305e-40,True,True
tft,timesfm,2.553,2.553,True,100403.0,1.8318043686718633e-60,0.05418845567507177,1.996666761852331e-58,True,True
tft,toto,-0.48300000000000054,0.48300000000000054,False,228093.0,0.015293263697108971,-0.008175763401609193,0.2752787465479615,False,True
tft,ttm,-1.7699999999999996,1.7699999999999996,True,140571.0,3.315313558895649e-33,-0.044314134571880104,2.486485169171737e-31,True,True
timesfm,toto,-3.0360000000000005,3.0360000000000005,True,99950.0,8.087445667419591e-61,-0.050197721486126085,8.89619023416155e-59,True,True
timesfm,ttm,-4.3229999999999995,4.3229999999999995,True,66135.0,2.4986815237332204e-90,-0.09840437246804642,3.1483387199038576e-88,True,True
toto,ttm,-1.286999999999999,1.286999999999999,True,177179.0,1.2591503045602705e-15,-0.03366416591952279,6.673496614169434e-14,True,True
